Country,Song Name,Popularity,Time Signature,Duration MS,Tempo,Valence,Liveness,Instrumentalness,Acousticness,Speechiness,Loudness,Key,Mode,Energy,Danceability,Tempo-Valence,Tempo-Liveness,Tempo-Instrumentalness,Tempo-Acousticness,Tempo-Speechiness,Tempo-Loudness,Tempo-Energy,Tempo-Danceability,Valence-Liveness,Valence-Acousticness,Valence-Speechiness,Valence-Loudness,Valence-Energy,Valence-Danceability,Liveness-Instrumentalness,Liveness-Acousticness,Liveness-Speechiness,Liveness-Loudness,Liveness-Energy,Liveness-Danceability,Instrumentalness-Acousticness,Instrumentalness-Loudness,Instrumentalness-Energy,Instrumentalness-Danceability,Acousticness-Speechiness,Acousticness-Loudness,Acousticness-Energy,Acousticness-Danceability,Speechiness-Loudness,Speechiness-Energy,Loudness-Energy,Loudness-Danceability,Energy-Danceability
0,Amar Bhindeshi Tara - Chondrobindu (Lyrics).wav,0.7954545454545455,0.5,0.1264604154704519,0.3968140868140867,0.3523914238592633,0.0845487963951144,0.0,0.8858015950245546,0.0837173579109063,0.5025252525252526,0.6363636363636364,1.0,0.0640848317196864,0.5313935681470139,0.13983388105982933,0.03355015343275746,0.0,0.35149855102813005,0.03322022692990434,0.19940909918182642,0.025429763977481777,0.21086445348313645,0.02979427074726131,0.31214888532750934,0.02950127895595983,0.17708558926260962,0.02258294509748157,0.1872585361089807,0.0,0.07489345870419864,0.007078201848746136,0.042487905259161025,0.005418295389082934,0.04492868659893522,0.0,0.0,0.0,0.0,0.07415696916872232,0.4451376702269858,0.056766446154178384,0.47070927025041426,0.04207008642492514,0.005365012793737188,0.03220424624297373,0.2670386870233732,0.03405426739162509
0,Amar Priya Cafe by Moheener Ghoraguli.wav,0.5454545454545454,0.5,0.2262045753587404,0.1613349713349713,0.3897746014293568,0.0428080161271196,0.0,0.6748946308807139,0.0983102918586789,0.7284827441077442,0.8181818181818182,1.0,0.3822037805440295,0.8055130168453293,0.06288427414870515,0.006906430054775829,0.0,0.10888410592726601,0.015860888118952622,0.11752974263864413,0.061662835978188654,0.12995741948268744,0.01668547742392952,0.2630567857583431,0.038318854825620315,0.2839440712327601,0.14897332622634246,0.313968515087047,0.0,0.028890900242848027,0.004208468559348161,0.03118490105809265,0.016361385601374893,0.03448241421571962,0.0,0.0,0.0,0.0,0.06634908813573835,0.49164909268756557,0.25794727939147616,0.5436364101734388,0.07161735118724362,0.037574565214774,0.27842885885906865,0.586802332925993,0.30787012031571137
0,Ami ek garib premik neela আমি এক গরীব প্রেমিক নীলা Argha dev Lyrical Video.wav,0.3863636363636363,0.5,0.0959704252303243,0.4418427518427518,0.5854865310610226,0.1047076959563619,1.0282485875706214e-05,1.0,0.1459293394777265,0.2062289562289562,0.3636363636363636,1.0,0.0,0.5145482388973965,0.258692980050869,0.04626433652047311,4.543241855106261e-06,0.4418427518427518,0.06447782092943379,0.09112076952986042,0.0,0.22734940983026733,0.061304945680882586,0.5854865310610226,0.08543966275084042,0.12074427618682702,0.0,0.301261063455595,1.0766554047490319e-06,0.1047076959563619,0.015279924909146505,0.02159375884621941,0.0,0.05387716055335006,1.0282485875706214e-05,2.1205463295858775e-06,0.0,5.290834998831987e-06,0.1459293394777265,0.2062289562289562,0.0,0.5145482388973965,0.030094855363672547,0.0,0.0,0.1061147462372577,0.0
0,Amra Bhison EkaCactus আমরা ভীষণ একা ক্যাকটাস LYRICS.wav,0.0,0.5,0.1342658331297443,0.8103685503685502,0.4249587685541507,0.1521404008063559,0.0,0.347731632842951,0.1582181259600614,0.5842276936026937,0.0909090909090909,0.0,0.5965882895343477,0.4012251148545175,0.3443732212396313,0.12328979605393683,0.0,0.2817907792242311,0.12821499337628364,0.47343974914997633,0.48345638735680224,0.3251402146961104,0.06465339737400393,0.14777160648026452,0.0672361799709332,0.24827268122863239,0.25352542485434354,0.17050413072157344,0.0,0.05290402999377516,0.024071369098394246,0.08888463546688671,0.09076518148613397,0.06104254978754248,0.0,0.0,0.0,0.0,0.055017447285443846,0.20315444984853595,0.20745262005476195,0.13951866432596194,0.09243541081578714,0.09439108113984301,0.348543400425028,0.23440682346693062,0.23936620498927882
0,Aro Ekber Fossils Audio Song Rupam Islam.wav,1.0,0.5,0.2847762112100878,0.5291318591318589,0.1115997800989554,0.0145855567413731,0.0009924670433145,0.0755073269285106,0.0714285714285714,0.4765361952861953,0.2727272727272727,1.0,0.4409866297833103,0.2924961715160796,0.0590509991224669,0.007717682755035966,0.0005251459317561004,0.03995333227575989,0.03779513279513276,0.2521504829554071,0.23334007526953576,0.15476904302325425,0.0016277449249580743,0.008426601081081717,0.007971412864211096,0.053181334603132256,0.049214010910396885,0.03264250842098082,1.4475684374206433e-05,0.0011013164013052004,0.0010418254815266494,0.006950545715664854,0.006432035510891365,0.0042662195062821776,7.493853350532024e-05,0.00047294646876803136,0.000437664696602268,0.00029029281052537435,0.005393380494893612,0.03598197429074332,0.03329772162615048,0.022085604048002333,0.034038299663299645,0.031499044984522155,0.21014609072902066,0.13938501271005097,0.12898690090139703
0,Baari Esho.wav,0.6818181818181819,0.5,0.1702694692092767,0.5273218673218673,0.3930731170973062,0.2031305585200996,4.783427495291902e-05,0.0131611706986728,0.5261136712749614,0.8545875420875422,0.0909090909090909,0.0,0.971184877823882,0.5405819295558958,0.2072760501017785,0.10711518542895275,2.522405919016088e-05,0.0069401731089659855,0.2774312435602757,0.45064269848360755,0.512127023288849,0.28506067253387307,0.07984516181521231,0.0051733023911770485,0.20680114071555658,0.33591538900087553,0.38174666720399975,0.21248822409701235,9.71660298759045e-06,0.0026734359547997753,0.106869763891143,0.17359284472856157,0.19727732665863984,0.10980870927656225,6.29555057902616e-07,4.087857545955475e-05,4.645592447594463e-05,2.5858344652956218e-05,0.006924271834555196,0.011247372518373369,0.012781929957009799,0.007114691051503059,0.44961018919352247,0.5109536415586474,0.8299624976521013,0.46197458247611384,0.525004995209541
0,Bhalo Lage - Moheener Ghoraguli II ভালোবাসি জ্যোৎস্নায় কাশবনে ছুটতে (Lyrics).wav,0.4545454545454546,0.5,0.1366642566685227,0.589090909090909,0.5623969213853766,0.0627297521641171,0.0,0.5946471030601305,0.0706605222734255,0.4003577441077441,0.8181818181818182,1.0,0.3234209313047487,0.6125574272588055,0.33130291368883996,0.03695352672940715,0.0,0.3503012025299677,0.04162547130289065,0.23584710743801648,0.19052433044134284,0.36085201169427805,0.035279019496367116,0.3344277000717501,0.03973926019005733,0.22515996273898967,0.18189093607738202,0.34450041126209896,0.0,0.03730206540007218,0.004432517049999057,0.0251143420648638,0.020288114865434824,0.03842557559823405,0.0,0.0,0.0,0.0,0.042018074870608296,0.23807157272135904,0.19232131986937828,0.36425549957741526,0.028289487294863636,0.02285309192015121,0.12948407445439486,0.2452421097137789,0.19811389360168372
0,Bhalo Theko - Recreated ভালো থেকো Cactuss New Band Song.wav,0.5681818181818182,0.5,0.2482343559910363,0.3725880425880425,0.4370533260032986,0.4509664413613186,0.0002297551789077,0.1841501338240696,0.1021505376344086,0.8824179292929294,0.3636363636363636,1.0,0.7821576763485478,0.4088820826952526,0.16284084324216264,0.16802470365970895,8.560403238368544e-05,0.06861213790383618,0.03806006886652047,0.32877836901984625,0.2914225976259171,0.1523445748407463,0.1970963831128358,0.08048342847176217,0.0446452322261434,0.38566369092241837,0.3418446139071444,0.17870327418511595,0.00010361187541633855,0.08304553052685126,0.04606646444013469,0.397940873366656,0.3527268638863426,0.18439209776948245,4.230944694262601e-05,0.00020274008921605916,0.00017970477686349152,9.394277606180075e-05,0.018811035175577,0.16249737976805134,0.1440344407711084,0.07529569024659506,0.09013946589551429,0.07989782715388391,0.6901899571440548,0.3608048807369251,0.3198102597014736
0,Bishakto Chumbon OFFICIAL MUSIC VIDEO EESHAAN ALBUM SANKRAMAN.wav,0.1363636363636363,0.5,0.1296016806326679,0.2086322686322684,0.8097855964815834,0.0189730819399976,0.0009378531073446,0.0530791717171168,0.0768049155145929,0.6788194444444445,1.0,1.0,0.89741816505302,0.664624808575804,0.1689474060996874,0.003958397128087619,0.00019566642142912624,0.011074028012463814,0.016023983765919222,0.14162364068614053,0.18723038768681904,0.13866218160245708,0.015364128475874915,0.04298274872969382,0.06219551432270223,0.5496982087227416,0.7267163040808678,0.5382035970490157,1.779396385333046e-05,0.0010070754742960602,0.001457225955452964,0.012879296941908095,0.01702678837999324,0.012609980952463948,4.97804661301756e-05,0.0006366329252981574,0.0008416464146824639,0.0006233204419411277,0.004076741299317724,0.0360311738565845,0.04763421288490911,0.03527773434185098,0.052136670080218446,0.06892612634815819,0.6091849002356439,0.45116024332142257,0.5964463761608126
0,Bnaador.wav,0.4318181818181818,0.5,0.1222042678049463,0.5363472563472561,0.7152281473336999,0.3430570378275821,0.0,0.0203628719133405,0.2557603686635944,0.8602167508417509,0.0909090909090909,1.0,0.9781005071461504,0.548238897396631,0.383610654484761,0.18399770100944052,0.0,0.01092157048207078,0.1371763720150816,0.46137489417792427,0.5246015234396976,0.2940464284415279,0.24536404959520855,0.01456409915297196,0.1829270146406467,0.6152512330099604,0.6995650136322934,0.39211589088126275,0.0,0.006985626520253062,0.08774039446742306,0.2951034104334383,0.33554426267921417,0.18807721216274795,0.0,0.0,0.0,0.0,0.005208015627605519,0.017516483515100514,0.019916935345390446,0.011163718445598622,0.22000935332588553,0.2501593462977481,0.8413784402539302,0.47160428300359397,0.5362327435808911
0,Bondhu Tomay - Chandrabindu.wav,0.7045454545454546,0.5,0.3460364624864981,0.3475429975429974,0.6272677295217153,0.5316020396063085,0.0,0.5905318452231775,0.0007680491551459,0.7499473905723907,0.6363636363636364,1.0,0.562010142923006,0.9004594180704442,0.21800250697996704,0.18475456634474766,0.0,0.20523520763346048,0.0002669301056397727,0.26063896411907767,0.1953226897210299,0.31294836532202525,0.3334568043929621,0.3704215697634115,0.0004817724497094403,0.4704177969450785,0.3525308263194887,0.5648291346994925,0.0,0.31392793337311803,0.00040829649739346246,0.3986735624257117,0.2987657382573029,0.47868606322895774,0.0,0.0,0.0,0.0,0.00045355748481041083,0.4428678163750208,0.3318848867344644,0.531749961701728,0.000575996459732997,0.0004316514154554412,0.4214780401603247,0.675297190898263,0.5060673262461372
0,Brishti Uh Ma with lyrics Cactus Bengali Band Songs Cactus.wav,0.0227272727272727,0.5,0.5299027857180948,0.8214742014742015,0.0104452996151731,0.2766512510375904,0.0006572504708097,0.7026726212801465,0.0460829493087557,0.3968855218855219,0.3636363636363636,1.0,0.2035500230520978,0.1010719754977029,0.008580544160533107,0.22726186553294345,0.0005399143056769413,0.5772274304638924,0.037855953984986195,0.3260312171675808,0.16721109264677733,0.08302802036339554,0.0028897052060001,0.007339626060650188,0.0004813502126807874,0.004145588189018617,0.0021261409774545525,0.001055727066770941,0.0001818291649945488,0.19439525974701552,0.012748905577769127,0.10979887614833661,0.056312368526093226,0.027961688466280193,0.0004618319111614623,0.00026085319611681275,0.00013378334848431657,6.64296034815317e-05,0.032381226787103486,0.2788805900114386,0.1430290282596518,0.07102050996093363,0.018289655386429557,0.009380185394105877,0.08078605712884185,0.0401140037434065,0.02057320294247849
0,Chandrabindu Mon Lyrics.wav,0.75,0.5,0.2672915299933156,0.061138411138411,0.3139087410665201,0.214988734732598,0.0,0.3775672521608602,0.0007680491551459,0.7454229797979799,0.8181818181818182,1.0,0.4813278008298755,0.6921898928024501,0.01919188167126591,0.013144069654208357,0.0,0.023083861895010768,4.695730502181925e-05,0.04557397661090833,0.02942761697948413,0.042319390252008836,0.06748684306339388,0.11852166079376096,0.00024109734336905385,0.23399478915043792,0.15109300399882294,0.21728445782858663,0.0,0.0811727058185271,0.0001651219160772579,0.16025754326737066,0.10348005489203886,0.1488130292482914,0.0,0.0,0.0,0.0,0.00028999020903290764,0.28144730617988367,0.18173361514796588,0.26134823579894145,0.0005725214898601777,0.00036968341077561984,0.35879280355421433,0.5159742524788467,0.33317023885927055
0,Chandrabindu - Juju.wav,0.5454545454545454,0.5,0.0,0.2047338247338246,0.9219351291918638,0.2944385153563382,0.0002900188323917,0.2993773532587533,0.1182795698924731,0.8460122053872055,0.8181818181818182,1.0,0.8305670816044259,1.0,0.18875130515592298,0.06028152339785207,5.9376664800390765e-05,0.06129267057135389,0.024215828731957743,0.17320731458042055,0.17004517531488472,0.2047338247338246,0.2714532106941062,0.27600649885372697,0.10904609054957527,0.7799683718715469,0.7657289696814857,0.9219351291918638,8.539271443479084e-05,0.08814822342481732,0.03482606095612602,0.24909857772755023,0.24455093841145376,0.2944385153563382,8.682507043662115e-05,0.00024535947199552443,0.00024088009522989744,0.0002900188323917,0.03541022457899232,0.25327689487342236,0.24865297459458002,0.2993773532587533,0.10006595977698127,0.0982391171790181,0.7026698884301754,0.8460122053872055,0.8305670816044259
0,Chi Chi Chi ছিঃ ছিঃ ছিঃ Cactus Bangla Rock Band Song.wav,0.1136363636363636,0.5,0.1680731878818845,0.5688288288288287,0.703133589884552,0.3217123206450847,0.003653483992467,0.0006363834719064,0.2350230414746543,0.6888678451178452,0.5454545454545454,1.0,0.9319963116643616,0.5007656967840735,0.3999626564442397,0.18299924257234815,0.0020782070205798767,0.00036199326501054136,0.13368788142981683,0.3918478895562228,0.5301463704368268,0.28484996481933683,0.22620673892526846,0.000447462595144742,0.16525259485765964,0.48436612089374603,0.6553179123797244,0.35210518207082464,0.0011753708136562277,0.00020473240356718402,0.07560980807787702,0.22161727307064075,0.2998346962582014,0.1611024944118571,2.3250168276806053e-06,0.002516767645063284,0.0034050336057040304,0.0018295394571771959,0.00014956477911164237,0.00043838411096077453,0.0005931070486209257,0.0003186790127310763,0.16189981613368706,0.2190406078105181,0.6420222908740084,0.3449613864525809,0.46671178241079053
0,Classroom by prithibi band lyrics(ক্লাসরুম -পৃথিবী).wav,0.7045454545454546,0.5,0.221669397033346,0.5528828828828828,0.3963716327652556,0.0857346140163642,0.0,0.0164533769682352,0.0122887864823348,0.8278093434343435,0.5454545454545454,1.0,0.6588289534347627,0.4624808575803981,0.21914709101624985,0.047401200560218654,0.0,0.009096790491356702,0.006794259697485465,0.45768161627536624,0.36425525110172413,0.25569774981719845,0.033982768942165245,0.006521651893401637,0.004870926362706647,0.328120141075405,0.26114110798596146,0.18331429264181803,0.0,0.0014106239236373814,0.0010535743657924881,0.07097191453848331,0.05648444602553456,0.039650617814612536,0.0,0.0,0.0,0.0,0.00020219203647600745,0.01362025918535253,0.010839961128450025,0.007609371890362985,0.010172772269546406,0.008096208337139895,0.5453847633783666,0.38284597506458146,0.3046957793833052
0,Coffee Houser Sei Addata Aaj Aar Nei Manna Dey Suparnakanti Ghosh Bangla Gaan bengali songs.wav,0.6136363636363636,0.5,0.263206521132542,0.4122031122031121,0.7097306212204508,0.1058935135776117,0.0065348399246704,0.9300406167717992,0.0514592933947772,0.4314499158249159,0.3636363636363636,1.0,0.3729829414476717,0.6493108728943338,0.29255317089291794,0.043649635858814054,0.0026936813546982897,0.38336563670863755,0.021211680889100214,0.17784499806280107,0.1537447292634014,0.26764796259436374,0.0751558691746546,0.6600783047017003,0.036522236268640665,0.30621321678392877,0.2647174147382871,0.4608358091844887,0.000691997160290604,0.09848526867985488,0.0054492053837941435,0.04568774751946515,0.039496474174406576,0.06875780973492704,0.006077666554045436,0.0028194561354283436,0.002437383816993247,0.004243142615712479,0.04785923296751956,0.40126594581994557,0.34688928490935245,0.6038854847032815,0.022202107803586273,0.019193438615202743,0.16092345869172747,0.28014512145446296,0.2421818792860839
0,Darjeeling by Anjan Dutta 1994.wav,0.2954545454545454,0.5,0.1293710152871597,0.1426863226863226,0.7965915338097858,0.1058935135776117,4.086629001883239e-06,0.6100793199487041,0.0345622119815668,0.3164983164983165,0.1818181818181818,1.0,0.322268326417704,0.791730474732006,0.11366271664237573,0.015109556048723586,5.831060644619963e-07,0.08704997471045303,0.0049315549315549255,0.045159980917556644,0.045983282414817646,0.11296910999820638,0.08435387640129707,0.48598402122356926,0.027531965454255253,0.25211987938760894,0.2567162204393915,0.6306857932307185,4.327475036975845e-07,0.06460344275040822,0.003659914063742338,0.03351511877540572,0.03412612539914733,0.08383912177584263,2.493167842351578e-06,1.2934111992492406e-06,1.3169910891269635e-06,3.2355087197146004e-06,0.021085690781637228,0.19308907769420267,0.19660924142191985,0.48301838960716686,0.010938881906623836,0.01113830621259345,0.10199738277193325,0.2505813623730928,0.25514965506577786
0,E bhabeo Phire Asha Jaye Chandrabindoo Audio Song.wav,0.7272727272727273,0.5,0.1197215150000682,0.2250614250614249,0.9967014843320504,0.0,0.0,0.2860027652886562,0.1497695852534562,0.7515782828282829,0.9090909090909092,1.0,0.8616874135546335,0.8591117917304747,0.22431905642460873,0.0,0.0,0.0643681899273732,0.03370735628800142,0.16915127937855198,0.1939325972520992,0.1933529241339347,0.0,0.2850593806862747,0.14927556792991536,0.7490991900866831,0.8588451241201486,0.8562779980249314,0.0,0.0,0.0,0.0,0.0,0.0,0.0,0.0,0.0,0.0,0.04283451553862362,0.21495346721978864,0.2464449830910551,0.24570834812700784,0.11256356770469673,0.12905456654620087,0.6476255466141358,0.6456897651863196,0.7402858177705197
0,Eeshaan - Bangladesh.wav,0.2045454545454545,0.5,0.1049490117974163,0.4706224406224407,0.5898845519516218,0.1533262184276058,0.0,0.0453630632728299,0.0138248847926267,0.6934448653198655,0.3636363636363636,1.0,0.6346242508068236,0.6370597243491576,0.27761290752494716,0.07215875912780928,0.0,0.021348875551569408,0.006506301022430042,0.32635071495393475,0.29866841379289527,0.29981460229545986,0.09044476765960474,0.026758970253846336,0.008155085971681391,0.40905241368236156,0.3743550418448168,0.37579169006412655,0.0,0.00695534694791522,0.002119717305450767,0.10632327888753539,0.09730453649866272,0.09767795844698927,0.0,0.0,0.0,0.0,0.0006271391235875088,0.031456783301724064,0.02878850004382221,0.02889898058422241,0.009586795373085677,0.008773607154011369,0.4400769281294583,0.4417657947520122,0.4042935502842857
0,Ek Notun Aazadi.wav,0.4772727272727273,0.5,0.2196988205063972,0.3314168714168714,0.474436503573392,0.0845487963951144,0.000337099811676,0.0411449239899531,0.2019969278033793,0.7270096801346801,0.8181818181818182,0.0,0.7902259105578608,0.7687595712098008,0.1572362617002529,0.028020897583330866,0.00011172056494087645,0.013636121983435232,0.0669451898484156,0.24094327368001608,0.2618941989896347,0.2547798919621277,0.04011303534303669,0.019520653877586325,0.09583471615960217,0.34491993070710775,0.3749120180381715,0.36472760305335794,2.850138334222553e-05,0.0034787538011190025,0.017078597121286537,0.061467793422984314,0.06681264961790045,0.06499769646301289,1.3869946128436524e-05,0.00024507482626002965,0.0002663850056305505,0.0002591487066789464,0.008311148240674086,0.02991275802910153,0.03251378502479466,0.03163055412397619,0.14685372187052287,0.15962320620331588,0.5745018864688067,0.5588956499657112,0.6074937321593354
0,Ekla Ghor Fossils Audio Song Rupam Islam.wav,0.9772727272727272,0.5,0.2637844246325787,0.5365765765765765,0.2501374381528312,0.3501719435550812,5.762711864406779e-05,0.2448501869191262,0.0453149001536098,0.5501367845117846,0.8181818181818182,0.0,0.5009220839096358,0.7197549770290965,0.1342178902376813,0.18789406268595166,3.0921362040006106e-05,0.13138087507119958,0.024314913992333327,0.2951905124821792,0.268783056915837,0.3862036615482251,0.08759111287386581,0.06124619848719208,0.01133495303457529,0.13760980591141395,0.12529936678333384,0.18003766605180807,2.0179400137072474e-05,0.08573966583329533,0.01586800665879399,0.1926424670536345,0.1754088596922986,0.25203799918972153,1.411001077161066e-05,3.170279775152657e-05,2.8866696360894262e-05,4.147740545591403e-05,0.011095361772832898,0.1347010945187975,0.12265086587719254,0.17623214066154566,0.024929393460979467,0.022699234217103292,0.2755756645329894,0.39596368869914056,0.3605411629977471
0,Eto Chaoa Niye Kotha Jai by Moheener Ghoraguli.wav,0.25,0.5,0.1185880304527861,0.2906633906633906,0.4370533260032986,0.1533262184276058,0.0,0.9567897927119936,0.1021505376344086,0.3183396464646465,0.8181818181818182,1.0,0.0733056708160442,0.4333843797856048,0.127035401636831,0.04456631852576354,0.0,0.2781037653017907,0.02969142162690549,0.0925296810239992,0.021307274834245764,0.12596897328903447,0.06701173372729337,0.4181681611907834,0.0446452322261434,0.13913140128608797,0.03203848724505506,0.1894120846231753,0.0,0.1467009607466628,0.015662355645830697,0.0488098141680052,0.01123968129552296,0.0664491880781201,0.0,0.0,0.0,0.0,0.0977365917286445,0.3045841243529185,0.07013811758469657,0.4146577508996847,0.0325185660367112,0.00748821368550989,0.023336101331433264,0.13796343024424954,0.031769532681379026
0,Fire Eso Eka lakkhichhara ফিরে এস একা লক্ষীছাড়া LYRICS.wav,0.2727272727272727,0.5,0.2113675850702475,0.5113923013923013,0.1544804837822979,0.1711134827463535,1.845574387947269e-05,0.2798298785332266,0.0122887864823348,0.8285984848484849,0.8181818181818182,1.0,0.5112955278930384,0.6248085758039814,0.07900013012162539,0.08750611774090955,9.438125336430418e-06,0.14310284558143488,0.006284390800519796,0.4237388860968406,0.2614725967008125,0.3195222955100442,0.02643369359633057,0.0432282550125545,0.0018983776808884428,0.12800229480067296,0.07898518050464197,0.0965207310615276,3.1580266118912694e-06,0.047882665092309463,0.0021027770537186178,0.14178437254077586,0.08748955849041314,0.10691317145560827,5.164468568033183e-06,1.529240141528277e-05,9.436339309513703e-06,1.1531307048736378e-05,0.003438769628672504,0.23186661336796713,0.14307576546489092,0.17484010787374643,0.010182469859889158,0.006283201571650207,0.4236586997219779,0.5177154392315187,0.3194618305977942
0,Fossils - ACID!! Lyrics.wav,0.6818181818181819,0.5,0.190473769257766,0.5040868140868141,0.3040131940626718,0.1307956836238586,9.001883239171373e-06,0.0096117608143008,0.4531490015360983,0.8931502525252526,0.7272727272727273,1.0,0.9250806823420932,0.7856049004594179,0.15324904243540857,0.06593237945425777,4.537730642815388e-06,0.004845161886645373,0.22842643649095262,0.4502252652962881,0.4663209739350819,0.39601307140357667,0.03976361354809995,0.002922102105722014,0.1377632753432998,0.27152946104808395,0.28123673300449564,0.23883425505995498,1.1774074721695745e-06,0.001257176826535489,0.05926993343938292,0.11682019785786235,0.12099656025415965,0.10275373001384296,8.652394857317858e-08,8.040034288268752e-06,8.327468289256505e-06,7.071923586056529e-06,0.004355559816004203,0.008584746598505088,0.008891654252602379,0.007551046397758514,0.40473014515353223,0.419199387543652,0.8262360450400735,0.701663215230405,0.7267479173682905
0,Fossils - Bishakto Manush.wav,0.9545454545454546,0.5,0.1151540931317533,0.5243980343980342,0.3073117097306213,0.3964188307838254,3.992467043314501e-06,0.1923806494979756,0.0913978494623656,0.5595538720538722,0.4545454545454546,0.0,0.6300138312586445,0.3016845329249617,0.16115365653023705,0.20788125566140497,2.0936418699130557e-06,0.10088403445295557,0.04792885260627195,0.2934289506448597,0.330378014755608,0.15820277607413896,0.12182414865759122,0.059120826316310264,0.028087629383981516,0.17195745710726476,0.1936106276380332,0.09271118961245389,1.582689117253691e-06,0.0762633121394204,0.03623182862002705,0.22181769172015825,0.24974934636519014,0.1195934298076778,7.68073402892106e-07,2.2340003931341037e-06,2.5153094581324413e-06,1.2044655551806382e-06,0.017583177642288093,0.10764733733483106,0.12120247005024604,0.058038266387597535,0.05114202056406359,0.05758190930858579,0.3525266787282694,0.16880874853692623,0.1900654284195298
0,Fossils - Nemesis Lyrics.wav,0.75,0.5,0.2283115668749682,0.3315806715806715,0.3842770753161078,0.0809913435313648,9.11487758945386e-05,0.0560627336489077,0.1159754224270353,0.5801767676767677,0.4545454545454546,0.0,0.6311664361456892,0.6493108728943338,0.1274188507063713,0.026855164080350817,3.022317232486723e-05,0.018589318873953126,0.03845520845520844,0.19237540226176586,0.20928259077636666,0.21529893529893523,0.031123116618155033,0.021543623320828195,0.04456669613881126,0.22294863144918123,0.24254279211975635,0.24951528320678357,7.38226182093796e-06,0.004540596120266089,0.009393005278983168,0.04698929589982592,0.05111901765534275,0.052588559965235336,5.110049545399496e-06,5.288240217618749e-05,5.7530048040398035e-05,5.918389123933287e-05,0.006501899217346437,0.03252629559554683,0.035384915797766085,0.0364021425224148,0.06728624571366507,0.07319979405376272,0.366188102789071,0.37671508345321514,0.40982322959536327
0,Ghore Ferar Gaan by Moheener Ghoraguli.wav,0.5909090909090909,0.0,0.2266262216892392,0.3924733824733823,0.5008246289169874,0.0800426894343649,3.860640301318267e-05,0.5658402982014596,0.0683563748079877,0.3513783670033671,0.0,0.0,0.2093130474873213,0.3935681470137824,0.1965603361370266,0.031414625064571655,1.5151985575714381e-05,0.22207725577487417,0.026828057634509232,0.137906656225785,0.08214979974316068,0.1544650218922806,0.040087350233483476,0.28338675737302355,0.034234556047320945,0.17597894026391836,0.10482912933532146,0.19710862118172393,3.09016032656211e-06,0.04529137925838786,0.005471428079614805,0.028125269504004808,0.01675397925458813,0.03150225296268266,2.1845058593465012e-05,1.3565454846645999e-05,8.080823867212969e-06,1.5194250496765609e-05,0.0386787915053225,0.19882403996672718,0.11843775720768217,0.22269671766887456,0.02401895135430082,0.014307881126245463,0.0735480768185932,0.13829133280224398,0.08237894824539288
0,Ghreena.wav,0.5227272727272727,1.0,0.3255580923231845,0.1550122850122849,0.0786146234194612,0.1094509664413612,0.0008983050847457,0.1553433289653986,0.0698924731182795,0.6742950336700337,0.1818181818181818,1.0,0.636929460580913,0.3935681470137824,0.012186232411630965,0.01696624440487831,0.0001392483238245852,0.024080124384341497,0.010834191963224202,0.10452401394162751,0.09873189107628937,0.06100789777665728,0.008604446509683695,0.01221225730734029,0.005494570454048357,0.05300945014558261,0.050071969688329034,0.030940211667383644,9.832035968460573e-05,0.017002477485481175,0.007649798729772548,0.07380224310179538,0.06971254501555581,0.04307641405119421,0.00013954570229094155,0.0006057226573645643,0.00057215697306417,0.0003535442676564239,0.01085732944381817,0.10474723523513857,0.09894274272277466,0.06113818613186436,0.0471281475145722,0.04451657520189172,0.4294783720678432,0.2653810469421112,0.2506751475793179
0,GHUM EESHAAN Album GIRGITI.wav,0.0681818181818181,0.5,0.1193655958916765,0.2095331695331694,0.2468389224848818,0.0916637021226135,1.8003766478342747e-05,0.3158383846065653,0.0053763440860215,0.5677083333333334,0.3636363636363636,1.0,0.2669432918395574,0.6447166921898928,0.051720941792409596,0.019206586036895512,3.7723862537421826e-06,0.0661786177868498,0.0011265224168449956,0.11895372645372639,0.055933474024760295,0.135089531965489,0.02262616946292109,0.07796120653565027,0.0013270909811015136,0.1401325132856881,0.06589199452224369,0.15914117360817034,1.650291887555904e-06,0.02895091560546364,0.0004928156028097495,0.05203824755919204,0.024469010386811072,0.05909711882637103,5.686280521353605e-06,1.0220888261142498e-05,4.8059846892394885e-06,1.1607328770876411e-05,0.0016980558312180913,0.17930408292768554,0.08431093807616474,0.20362627859014396,0.0030521953405017893,0.0014351789883847157,0.15154593130474875,0.3660110387953038,0.17210279611708065
0,GIRGITI EESHAAN Album GIRGITI.wav,0.1363636363636363,0.5,0.1999000450169465,0.946380016380016,0.8416712479384277,0.0326099845843709,2.8813559322033896e-05,0.1012276884094668,0.2688172043010752,0.6852377946127948,0.7272727272727273,0.0,0.6058091286307055,0.5313935681470139,0.7965408494105578,0.030861437745109,2.7268576743153002e-05,0.09579986141506235,0.25440323020968164,0.6484953552898628,0.5733256530766903,0.5029002537272061,0.027446886420380345,0.08520043482951824,0.22625571181140525,0.5767449497263271,0.5098921253070974,0.4472586876487511,9.396097253123818e-07,0.0033010333585442135,0.008766124888271744,0.02234559391895155,0.019755426345718474,0.01732873606550797,2.9167300050185346e-06,1.974413984477544e-05,1.7455517265630493e-05,1.5311340099151247e-05,0.02721174419609322,0.0693650379594542,0.061324657708639645,0.05379174253918068,0.18420370822924587,0.1628519162985767,0.41512331125920354,0.36413095670848367,0.3219230744791039
0,Haajar Bichhana.wav,0.7272727272727273,0.5,0.2976525460617613,0.5199999999999999,0.2754260582737768,0.135538954108858,0.0,0.007410097871531,0.1674347158218126,0.7999789562289563,0.8181818181818182,1.0,0.9147072383586908,0.5191424196018377,0.14322155030236391,0.07048025613660615,0.0,0.0038532508931961194,0.08706605222734254,0.4159890572390572,0.47564776394651914,0.26995405819295554,0.03733095987275308,0.0020409340481786866,0.046115883796991816,0.22033505061611167,0.25193420913562625,0.14298535031364523,0.0,0.0010043569153515865,0.022693926264002337,0.10842831103636863,0.12397846240293883,0.07036402058637499,0.0,0.0,0.0,0.0,0.0012407076313316115,0.00592792236082178,0.006778070160035734,0.003846896138513031,0.13394424919962555,0.1531537465147424,0.7317465417972566,0.41530301096725303,0.47486332894884564
0,Haajar Bichhana.wav,0.7272727272727273,0.5,0.2976525460617613,0.5199999999999999,0.2754260582737768,0.135538954108858,0.0,0.007410097871531,0.1674347158218126,0.7999789562289563,0.8181818181818182,1.0,0.9147072383586908,0.5191424196018377,0.14322155030236391,0.07048025613660615,0.0,0.0038532508931961194,0.08706605222734254,0.4159890572390572,0.47564776394651914,0.26995405819295554,0.03733095987275308,0.0020409340481786866,0.046115883796991816,0.22033505061611167,0.25193420913562625,0.14298535031364523,0.0,0.0010043569153515865,0.022693926264002337,0.10842831103636863,0.12397846240293883,0.07036402058637499,0.0,0.0,0.0,0.0,0.0012407076313316115,0.00592792236082178,0.006778070160035734,0.003846896138513031,0.13394424919962555,0.1531537465147424,0.7317465417972566,0.41530301096725303,0.47486332894884564
0,Hridoy Bhangbar Gaan.wav,0.4772727272727273,0.5,0.2638551123997504,0.5204750204750205,0.3249037932930181,0.223289458081347,0.0001629001883239,0.000211483100241,0.1321044546850998,0.7345854377104377,0.6363636363636364,1.0,0.7475795297372061,0.2588055130168452,0.1691043084665954,0.11621658526674532,8.478547885326654e-05,0.00011007167092805528,0.06875706875706873,0.38233337073299195,0.38909647104667855,0.13470180468649068,0.072547591932972,6.87116614856685e-05,0.04292123843809454,0.23866959520993328,0.24289142499982888,0.08408689290431857,3.6373894772192997e-05,4.722194684617608e-05,0.029497532096767795,0.16402518430081273,0.16692662806772898,0.05778854274999636,3.445063685658112e-08,0.00011966410614302481,0.00012178084618128347,4.215946680970763e-05,2.7937859632451604e-05,0.00015535240575889538,0.0001581004366255332,5.47329922522649e-05,0.09704200866835272,0.09875858610967696,0.5491610360753687,0.1901147610613536,0.1934777037145295
0,Janla.wav,0.75,0.5,0.1762766892826184,0.143120393120393,0.417262231995602,0.0940353373651132,0.0046704331450094,0.7942371081523506,0.0468509984639017,0.6378367003367005,0.3636363636363636,0.0,0.4928538497003228,0.7105666156202144,0.05971873467750319,0.013458374450903783,0.0006684342277562588,0.11367152714956852,0.00670533331823654,0.09128743929880288,0.0705374367200093,0.10169657336579228,0.03923739475542656,0.33140514848138214,0.019549152190270144,0.2661451652312016,0.20564929737358165,0.2964926120152516,0.00043918575643216563,0.07468635441299819,0.0044056494464453965,0.05997918930001224,0.04634567802826465,0.06681837142023357,0.003709431314911154,0.0029789736663559546,0.002301840955285869,0.0033186538733298034,0.037210801534019504,0.5065935763488584,0.39144281632773764,0.5643583739398019,0.029883286267694882,0.023090694955237863,0.314360273241094,0.45322546547661413,0.3502054919769522
0,Jeremir Behala জেরেমির বেহালা Anjan Dutta Slideshow video Kolkata nostalgia.wav,0.2045454545454545,0.0,0.240716649945496,0.5720311220311219,0.2193512919186366,0.35965848452508,3.691148775894538e-05,0.7582286020790119,0.0522273425499232,0.529513888888889,0.1818181818181818,0.0,0.413324112494237,0.3261868300153138,0.12547576563519386,0.2057358464508944,2.111451975858755e-05,0.43373035800334625,0.029875665359536327,0.302898423992174,0.23643425583259606,0.1865890183654348,0.07889155323007525,0.16631842343569309,0.011456135061802833,0.11614955561663917,0.09066317805673477,0.07154950257070379,1.3275529748948337e-05,0.2727033499473073,0.018784006872277603,0.1904441628127594,0.14865552391735096,0.11731586095534763,2.7987345764121715e-05,1.954514542791379e-05,1.5256407918807993e-05,1.2040041183239453e-05,0.03960026493192997,0.4014925757536435,0.31339416402205356,0.24732418413909565,0.027655103259941975,0.021586820007379506,0.21886085817837206,0.17272045686574777,0.13482088202338813
0,Jibon Chaiche Aro Besi - Lakkhichhara (Lyrics).wav,0.5454545454545454,0.5,0.1679578552091304,0.5009828009828009,0.840571742715778,0.3335704968575833,0.0165913370998116,0.0322971196405042,0.0268817204301075,0.5254103535353536,1.0,0.0,0.5112955278930384,0.5497702909647779,0.4211119860927447,0.16711308184093665,0.008311974532313476,0.016180301461176425,0.013467279596311839,0.26322155057950514,0.2561502656938342,0.27542546026466386,0.2803899338621467,0.02714804614091859,0.02259601458913379,0.4416450965121252,0.429780572923835,0.4621213715696237,0.00553438055991581,0.010773366245551797,0.008966948840257605,0.1752613926829064,0.17055310328034115,0.1833871491146591,0.0005358523993085512,0.008717260291236241,0.008483076460899526,0.009121424224858139,0.0008682021408737678,0.016969241048490923,0.016513372836016213,0.017755996862084237,0.014123934234821318,0.013744503437984891,0.26863996407132656,0.28885500293903815,0.2810950911387455
0,Jokhon Dhoa Meghe -Maya (Moheener Ghoraguli Edited album).wav,0.25,0.5,0.0686985886009154,0.1738329238329238,0.1863661352391424,0.1141942369263607,0.0,0.8775710793506486,0.0545314900153609,0.4457596801346802,0.1818181818181818,1.0,0.0813739050253573,0.2664624808575803,0.03239657019206222,0.019850718089778917,0.0,0.15255074659473805,0.009479368350336076,0.07748770852464035,0.014145463834260512,0.04631995213924767,0.021281938602548806,0.16354953045622314,0.010162823042994693,0.08307450883213667,0.015165340188892866,0.049659582743661196,0.0,0.10021355975509005,0.006227181890761596,0.05090318652551843,0.009292430990088824,0.030428479671036377,0.0,0.0,0.0,0.0,0.047855258551379384,0.3911858036267912,0.07141138566407997,0.23383976693263828,0.024307939546514782,0.004437440289401197,0.03627320587541311,0.11877823023496833,0.021683092610125826
0,KALANKANI RADHA POTA.wav,0.2727272727272727,0.0,0.3376643025535646,0.5074037674037674,0.1621770203408466,0.095221154986363,0.0011468926553672,0.9197524721794168,0.0522273425499232,0.3636363636363637,0.1818181818181818,1.0,0.1747349008759797,0.3935681470137824,0.08228923110726298,0.04831557277661861,0.0005819376541410278,0.4666858694627648,0.026500350371318114,0.18451046087409725,0.08866114700139595,0.19969796052491295,0.015442683189102299,0.14916271538918524,0.008470074795067258,0.05897346194212605,0.028337985573619575,0.06382770938376349,0.00010920844328944155,0.08757989270248677,0.004973147879472108,0.03462587454049564,0.01663845907783844,0.03747601352449507,0.0010548573550983981,0.0004170518746789819,0.00020040217445097685,0.00045138041719658547,0.04803622742565311,0.3344554444288789,0.16071285705670768,0.3619852761869985,0.018991760927244805,0.009125939523476668,0.06353996395490172,0.14311568982319361,0.06877009115639628
0,Ke Ki Bole Lakkhichhara Indian Band Dabanol Bangla Song.wav,0.1590909090909091,0.5,0.0802963429621646,0.383251433251433,0.6041781198460693,0.0648642238823669,2.090395480225989e-05,0.0749929196988915,0.0660522273425499,0.8064499158249159,0.4545454545454546,1.0,0.6864914707238359,0.8208269525267993,0.23155213037016212,0.024859306769658945,8.011470638589278e-06,0.028741143958309793,0.02531461079848174,0.3090730860853965,0.2630988400697943,0.31458310600730177,0.03918954483052294,0.04530908122544352,0.039907310527466926,0.4872393938931185,0.4147631260722901,0.49592568489662037,1.3559188043206643e-06,0.004864357532941261,0.004284426462276153,0.052309747889983285,0.044528736450366216,0.05324230321737926,1.5676486038751333e-06,1.6857992590690333e-05,1.4350386676147983e-05,1.7158529516096935e-05,0.00495344938103277,0.06047803377863573,0.05148199973796655,0.06155620973752809,0.05326781318044757,0.045344290692972244,0.5536209887797602,0.6619558267720594,0.5634907018498866
0,Kemon Achho Shohor Lakkhichhara.wav,0.4772727272727273,0.5,0.3243638410988599,0.4869287469287467,0.0830126443100604,0.0660500415036167,0.0055743879472693,0.431065604041249,0.0330261136712749,0.6593013468013469,0.6363636363636364,1.0,0.4709543568464731,0.5650842266462479,0.04042124287313947,0.03216166394394779,0.002714329738058549,0.20989823441988867,0.01608136414588024,0.3210327786464149,0.22932121483988696,0.2751557543900574,0.00548298860200446,0.03578389566257754,0.0027415850271371666,0.05473034819516399,0.03909516651116953,0.046909135911810534,0.00036818855527439795,0.028471901037706096,0.00218137617869087,0.04354688131961935,0.031106554816018653,0.03732383662302382,0.002402926907649899,0.0036752014812278452,0.0026252822905189445,0.003149998702208838,0.014236421638843066,0.2842021333041316,0.20301222430988283,0.24358837349344692,0.021774161223085915,0.015553792123193782,0.3105008417508418,0.3725607916840688,0.2661288785242703
0,Khnoro Aamar Fossil.wav,1.0,0.5,0.1956811014394261,0.5576904176904177,0.4095656954370533,0.1414680422151072,0.0,0.2006111651718816,0.1428571428571428,0.763888888888889,0.7272727272727273,0.0,0.7810050714615031,0.3169984686064318,0.22841086375995664,0.07889537155278878,0.0,0.11187892449806804,0.07967005967005963,0.4260135135135136,0.4355590445217002,0.17678700836434375,0.05794045709194879,0.08216345137605925,0.05850938506243616,0.31286268401441575,0.319872885232996,0.12983169824727417,0.0,0.02838006878335759,0.020209720316443875,0.10806586558098467,0.11048725841972874,0.044845152738939034,0.0,0.0,0.0,0.0,0.028658737881697358,0.153244640061854,0.15667833739104078,0.06359343214483842,0.10912698412698409,0.11157215306592896,0.5966010962553149,0.24215160796324656,0.24757741162715333
0,Koto Ki Korar Ache Baki কত কি করার আছে বাকি Moheener Ghoraguli.wav,0.2272727272727273,0.5,0.1656586425716457,0.1164946764946763,0.3380978559648159,0.1248665955176094,0.0,0.8796287082691251,0.0384024577572964,0.3726851851851852,0.8181818181818182,0.0,0.1067312125403411,0.545176110260337,0.03938660035416489,0.014546293649815505,0.0,0.10247206180524172,0.004473681893036717,0.04341584008250668,0.012433618076771576,0.06351011459740394,0.04221712822612963,0.2974005803108917,0.012983788631521324,0.12600406206096149,0.036085594124414394,0.184322874002258,0.0,0.10983624212111807,0.004795184159662411,0.04653593027392387,0.013327163145378771,0.06807428484574111,0.0,0.0,0.0,0.0,0.03377990431141027,0.3278245880354841,0.09388383861885768,0.47955255764748633,0.01431202708084426,0.0040987408809654725,0.03977714171063638,0.20317905961091262,0.058187307296112455
0,Lajja Prithibi Singles.wav,0.4545454545454546,0.0,0.2216941997586694,0.5933005733005733,0.474436503573392,0.4142060951025732,0.0010508474576271,0.0209801605888835,0.1635944700460829,0.7294297138047139,0.2727272727272727,0.0,0.9158598432457354,0.4088820826952526,0.28148344956481297,0.24574871368894846,0.0006234683990616084,0.012447541305322673,0.09706069286714446,0.43277106738280985,0.543380170060668,0.2425899740754258,0.19651449151925274,0.009953754034198164,0.07761518837260559,0.34606808302004843,0.4345173417927816,0.1939885856877422,0.00043526742197218786,0.008690110392146337,0.06776182661816288,0.3021342334068381,0.3793547293320709,0.16936145083060802,2.2046948415436506e-05,0.0007665193602693467,0.0009624289878175354,0.0004296726970695799,0.0034322382530201107,0.015303552533926228,0.019214886588205197,0.008578411756863542,0.1193306674657481,0.14982960569227466,0.668055383343967,0.29825074056027345,0.3744786801632639
0,Lakkhichhara - Satsho Sokal [FNO S03E05].wav,0.3181818181818182,0.0,0.1017420194130931,0.6323832923832923,0.0533260032985156,0.0724534566583659,0.0308851224105461,0.6491742693997576,0.1075268817204301,0.6064288720538722,0.3636363636363636,1.0,0.3360995850622407,0.3782542113323123,0.033722473535557594,0.045818355466167596,0.01953123539564215,0.4105269618135371,0.06799820348207443,0.383495486705714,0.21254376217031817,0.23920164352017328,0.003863653268752877,0.03461786923132293,0.005733978849302752,0.03233842803145988,0.017922847581658772,0.0201707853211843,0.0022377338779608273,0.047034919791681694,0.007790694264340418,0.04393786799773695,0.02435157671920182,0.027405825106610066,0.020049826776188346,0.01872962994667324,0.010380476826781056,0.01168242761930304,0.06980368488169436,0.3936780199584916,0.2181872025783418,0.24555290128903537,0.06520740559719056,0.03613974032927319,0.20382049226706908,0.22938427472788114,0.12713108347683527
0,Lakkhichhara _ Palie Berai (I Hide Away) - Indian Band.wav,0.1136363636363636,1.0,0.3419216903553362,0.552063882063882,0.4612424409015943,0.0608324439701173,0.003578154425612,0.6892980333100494,0.021505376344086,0.7209069865319866,0.0909090909090909,0.0,0.450207468879668,0.791730474732006,0.2546352924967548,0.033583395173576544,0.0019753698228274206,0.3805365481681449,0.011872341549760891,0.39798670959182325,0.24854328300386386,0.43708579942883147,0.028058504942786375,0.3179335073925956,0.00991919227745363,0.33251289813102625,0.2076547918581866,0.36517969670156847,0.00021766787861246924,0.041931683990045626,0.0013082246015078975,0.04385453386587318,0.027387220625550733,0.048162899743569125,0.002466414808454001,0.0025795165243140384,0.0016109118472153608,0.002832933902054217,0.014823613619570939,0.4969197680159726,0.3103271228802504,0.5457382591444034,0.015503376054451309,0.009681881051175645,0.3245577097042346,0.5707640306845896,0.35644297306399436
0,Maa by Fossils 3.wav,0.5227272727272727,0.0,0.1656263990287253,0.5405814905814904,0.0,0.3145974149175856,9.90583804143126e-05,0.6049352476525129,0.0330261136712749,0.6287352693602695,0.3636363636363636,0.0,0.2899953895804518,0.1102603369065849,0.0,0.17006553948923203,5.354912693895742e-05,0.3270167978812785,0.017853305756531525,0.33988264909192933,0.15676613996116065,0.059604697276978987,0.0,0.0,0.0,0.0,0.0,0.0,3.116351040426554e-05,0.19031106510401,0.010389929985757416,0.19779849040825262,0.09123179990002826,0.034687616958753664,5.992390588798903e-05,6.228149749218487e-05,2.8726473619457176e-05,1.0922210397902759e-05,0.019978660252732726,0.38034412587832406,0.17542843281393758,0.06670036421283446,0.020764682475031902,0.00957742070042965,0.18233032938110164,0.06932456262471572,0.03197498935649696
0,Mary Ann with lyrics মেরী আন Anjan Dutta.wav,0.3409090909090909,0.5,0.0735487615379178,0.7816625716625715,0.7119296316657504,0.0164828649353729,0.0,0.239706114622935,0.2327188940092166,0.570128367003367,0.8181818181818182,1.0,0.6046565237436607,0.545176110260337,0.5564887467306378,0.012884038593750407,0.0,0.1873692979994065,0.18190764916571364,0.4456480055296342,0.47263737332202055,0.4261437603550926,0.011734639962236343,0.17065388589153427,0.1656794764936424,0.40589127832290284,0.43047289623311746,0.3881270273706082,0.0,0.0039510435115128525,0.003835874097863279,0.00939734886914121,0.009966471813158857,0.008986064191413099,0.0,0.0,0.0,0.0,0.05578414188229594,0.13666325569069585,0.14493986598800337,0.1306820471757502,0.1326796430123043,0.14071499746108235,0.3447318364799059,0.31082036547197345,0.32964429165810605
0,Mohakaash.wav,0.5681818181818182,0.5,0.4343391251830751,0.0620475020475019,0.2248488180318857,0.7391201233250325,9.227871939736346e-05,0.1285941530252042,0.0576036866359447,0.6596696127946129,0.0909090909090909,1.0,0.5435684647302905,0.3583460949464012,0.01395130749721181,0.045860557365359815,5.725664030748763e-06,0.00797894597312813,0.003574164864487437,0.04093085165054853,0.033727065428310166,0.022234480059901137,0.16619028611321515,0.0289142433135286,0.012952120854371295,0.1483259327284204,0.12222072681401257,0.0805736958950402,6.820505846125534e-05,0.09504652624286702,0.04257604397033597,0.4875750855625307,0.40176239068705094,0.26486080988982785,1.1866503763154434e-05,6.087346709404148e-05,5.015980183010214e-05,3.306771874269992e-05,0.0074074972940785825,0.08482965513378765,0.06989972633320228,0.046081212569521864,0.03799940165867586,0.031311547507505214,0.3585755986559929,0.23639002969975406,0.1947856366721102
0,Mohiner Ghoraguli - Bhikkhetei Jabo.wav,0.1136363636363636,0.0,0.2026543876641165,0.6644881244881246,0.4282572842221001,0.0768409818569904,0.0,0.9300406167717992,0.129800307219662,0.4145622895622897,0.6363636363636364,1.0,0.2231443061318579,0.2710566615620214,0.28457187959112096,0.05105991991797756,0.0,0.6180009451364714,0.08625076270237557,0.2754717182747487,0.14827674147176217,0.18011393267135992,0.032907710207034375,0.39829666875493763,0.055587927061086694,0.17753932026884206,0.09556317453365437,0.11608198975086019,0.0,0.07146523415962598,0.009973983052097827,0.0318553733708483,0.017146627578968805,0.020828260013303672,0.0,0.0,0.0,0.0,0.12071955778374345,0.3855597674748411,0.20753326810398828,0.2520937046992472,0.05381031254687167,0.02896419949023346,0.09250721445281149,0.11236987021826228,0.06048475066667511
0,Mohiner Ghoraguli - Jao Chhere Chole.wav,0.1363636363636363,0.5,0.0860629765998688,0.0442997542997541,0.3271028037383178,0.0987786078501126,0.0002184557438794,0.9269541733940846,0.1228878648233487,0.2588383838383838,0.3636363636363636,0.0,0.0491009681881051,0.1041347626339969,0.014490573836368165,0.00437586805783175,9.67753577922743e-06,0.041063842128489604,0.005443902218095742,0.011466476807385845,0.0021751608266130985,0.004613144398749277,0.032310759577139636,0.30320930905413984,0.040196965129132754,0.08466676106863023,0.01606106436059513,0.0340627728242046,2.1578754257267886e-05,0.09156324278871955,0.012138692208923206,0.025567695213728637,0.004850125281713687,0.010286286881788138,0.00020249846349091908,5.65447316859558e-05,1.0726388530731255e-05,2.274883703491454e-05,0.1139114191574912,0.23993132013356985,0.04551434737965421,0.0965281528189858,0.031808096324225356,0.006033913141395404,0.01270921525070902,0.02695407366157748,0.005113117667367758
0,Mon - Cactus - Bangla Band Song.wav,0.6363636363636364,0.5,0.0737521438855701,0.9785339885339884,0.3402968664101155,0.3489861259338314,0.0267419962335216,0.0785937703062254,0.9999999999999998,0.8847327441077442,0.3636363636363636,1.0,0.9861687413554634,0.2450229709035221,0.33299204997390813,0.3414947857530568,0.026167952235748786,0.07690667553167489,0.9785339885339882,0.8657410608783714,0.9649996318461048,0.23976330500067086,0.11875888507588875,0.026745213754564887,0.3402968664101154,0.30107178043028787,0.33559013243487185,0.08338054919696547,0.009332585665273813,0.027428135421702995,0.3489861259338313,0.3087594528529694,0.3441592085626857,0.08550961738041807,0.002101754309507341,0.02365951971060252,0.026372120766944538,0.00655240336502826,0.07859377030622539,0.06953448207280054,0.0775067195412707,0.019257279094940367,0.8847327441077439,0.9861687413554632,0.8724957766926993,0.21677984541690506,0.24163399481910272
0,Mr Hall with lyrics Anjan Dutt Nagar Baul.wav,0.2272727272727273,0.5,0.2046063621470727,0.5414004914004914,0.5821880153930732,0.0607138622079924,0.0,0.7304506116795791,0.0499231950844854,0.2305871212121213,0.3636363636363636,1.0,0.2266021207929922,0.7274119448698315,0.3151968776212867,0.03287051483422881,0.0,0.3954663201071137,0.02702844235102299,0.12483998073486714,0.12268249954971948,0.3938211844031139,0.0353468829457196,0.42525959195639057,0.029064685868317782,0.1342450584736869,0.13192503898833358,0.4234905165569828,0.0,0.044348477787257735,0.0030310299873421705,0.013999834704210375,0.013757889937864578,0.044163988589274714,0.0,0.0,0.0,0.0,0.03646642838646132,0.16843250373482727,0.16552165774113103,0.5313385000732007,0.011511645836242614,0.011312701882906675,0.052251530694217445,0.16773182630284472,0.16483308939765895
0,Mrito Manush.wav,0.4318181818181818,0.5,0.2322700818365922,0.20022113022113,0.3304013194062671,0.0857346140163642,0.0043691148775894,0.0015664317430577,0.3271889400921658,0.7939288720538722,0.6363636363636364,0.0,0.9781005071461504,0.4992343032159265,0.06615332559807537,0.017165881317428775,0.0008747891188569037,0.0003136327340092674,0.06551013938110703,0.1589613360778132,0.19583638901066266,0.09995725643505111,0.028326829589793774,0.0005175511146661228,0.10810365750158966,0.2623151468413288,0.3231656980730271,0.16494767247541053,0.0003745843776232815,0.0001342974208740325,0.028051417489225145,0.06806718540198613,0.08385706944938529,0.04280166028994599,6.843920233321694e-06,0.0034687664466383442,0.004273433477549983,0.002181212021583682,0.0005125191417377727,0.0012436353869151808,0.0015321276822945647,0.0007820164597807201,0.2597647461558752,0.3200236682367588,0.7765422323938636,0.39635652724282133,0.4883013251602527
0,Mrityu.wav,0.3863636363636363,0.5,0.2328901499696787,0.1929811629811628,0.1907641561297416,0.0801612711964899,0.0008135593220338,0.0158360882926922,0.0622119815668202,0.8267045454545455,0.5454545454545454,1.0,0.9377593360995852,0.4900459418070443,0.03681388870503765,0.015469615341547008,0.00015700162412024906,0.0030560667357961173,0.012005740554127625,0.15953840462363175,0.18096988727694108,0.09456963576412264,0.015291897254085756,0.003020958019551508,0.011867816164753495,0.15770559498225797,0.1788908684038241,0.09348320055362526,6.52159494479839e-05,0.001269440968322058,0.004986991526048905,0.06626968726755274,0.07517198045811917,0.03928270563993379,1.2883597255070062e-05,0.0006725731895222608,0.0007629228497080449,0.0003986814441819539,0.0009851944329555043,0.013091766173788153,0.01485043964376945,0.0077604108019318566,0.05143092794302466,0.05833986653154094,0.775249905695964,0.4051232075734372,0.45954515704726984
0,Mummy by Fossils 3.wav,0.25,0.5,0.0201063292834616,0.4709582309582311,0.6822429906542057,0.4189493655875726,3.822975517890772e-05,0.0022660255753397,0.3717357910906297,0.7426346801346801,0.8181818181818182,1.0,0.4963116643614569,0.683001531393568,0.32130795196215767,0.19730765207819642,1.8004617869024654e-05,0.0010672033962680929,0.17507203055590154,0.34974991520446075,0.23374206345160708,0.3216651929668775,0.2858252681111477,0.001545980065418674,0.25361413784687825,0.5066573051386136,0.3386051541905267,0.4659730073993502,1.6016331678771607e-05,0.0009493499771937816,0.15573847384361375,0.3111263281057542,0.20792945691794465,0.2861430582726759,8.662960297438024e-08,2.8390742008915266e-05,1.8973873420974715e-05,2.611098133199516e-05,0.0008423628098805028,0.0016828291783194027,0.0011246549247824744,0.0015476989381340062,0.2760638903112021,0.18449680917891328,0.3685782541101813,0.5072206237979591,0.3389816268073656
0,Pakhider Sure Gaan By Moheener Ghoraguli.wav,0.4318181818181818,0.5,0.1507236815181252,0.4847256347256347,0.3216052776250687,0.1130084193051108,2.39171374764595e-06,0.2160433820604552,0.0276497695852534,0.3522727272727273,0.1818181818181818,0.0,0.1920239741816505,0.4196018376722817,0.15589032232792538,0.0547780777770105,1.1593249644097096e-06,0.10472176549752694,0.013402552112229503,0.17075562132380315,0.09307894276773941,0.20339176709773948,0.03634410406459033,0.06948069186661147,0.0088923118237346,0.11329276825428557,0.06175592352735872,0.13494616549658317,2.702837900517715e-07,0.024414721107982172,0.0031246567549800155,0.03980978407339131,0.02170032579095373,0.047418540412864245,5.167139269619172e-07,8.425355247389144e-07,4.5926637892786445e-07,1.0035674836983004e-06,0.005973549734390454,0.07610619140766035,0.041485508818893305,0.09065220012950186,0.009740259740259721,0.005309418640967283,0.06764480908671779,0.14781428372546287,0.08057361244375533
0,Palachchhi Kothhaye Prithibi Rounak Graphic Novel Storytelling A Tribute To Irrfan Khan.wav,0.1590909090909091,0.5,0.1815398275962562,0.7166257166257165,0.5514018691588787,0.0771967271433653,0.0087947269303201,0.2211874543566465,0.0437788018433179,0.6109532828282829,0.0,1.0,0.5643153526970954,0.5650842266462479,0.395148759634741,0.05532115991027406,0.0063025274889681295,0.15850861798694976,0.03137301524398293,0.4378248341316523,0.40440289402944996,0.4049538888742562,0.04256641963979957,0.12196317576674905,0.024139713165941653,0.33688078212026823,0.3111645402722303,0.31158849880494055,0.0006789241351403274,0.017074947561505606,0.0033795802205620696,0.04716359387183824,0.043563298304969626,0.04362265285742999,0.0019452832614793468,0.005373167289657372,0.00496299942955823,0.004969761465984863,0.00968332173450755,0.13513520135962415,0.12481947631744367,0.12498954158897785,0.026746802704463953,0.02470505000286819,0.34477031728069074,0.3452400633440066,0.3188857046634428
0,Palao (Official Music Video) Fossils 5 Fossils.wav,0.4545454545454546,0.5,0.171591454469017,0.798116298116298,0.4425508521165476,0.0964069726076129,0.0072881355932203,0.0035726199385723,0.6006144393241166,0.767098063973064,0.6363636363636364,1.0,0.9700322729368374,0.3154670750382848,0.3532070478194722,0.07694397609018735,0.005816779799830616,0.0028513661999498004,0.47936017290855987,0.612233467110361,0.774198566729687,0.2517794141071323,0.04266498787747575,0.0015810659981037394,0.2658024319163903,0.3394799018682334,0.4292886089687489,0.1396102228729078,0.000702627088496158,0.00034442547255535144,0.05790341979965689,0.07395360204080408,0.09351787476552216,0.030413225661819684,2.6037738535357305e-05,0.005590714703532471,0.007069726734963353,0.002299166818075623,0.002145767121323762,0.0027405498381903783,0.0034655566393527524,0.0011270439622448603,0.4607301735997972,0.582615389736257,0.7441098785612388,0.2419941825091136,0.3060132438361232
0,Prithibita Naki Choto Hote Hote - Moheener Ghoraguli (Lyrics).wav,0.931818181818182,0.0,0.2353406592316364,0.6597706797706798,0.2545354590434304,0.0278667140993715,6.516007532956685e-06,0.3981435413456252,0.0614439324116743,0.3640572390572391,0.0,1.0,0.334946980175196,0.2802450229709035,0.1679350328388261,0.018385640904317522,4.2990707194097025e-06,0.2626834349199089,0.04053890505503406,0.2401942920882315,0.22098819679732545,0.18489744930786278,0.007093066865315559,0.10134164906158571,0.01563965954183903,0.09266547646151822,0.08525588335410429,0.07133229556653561,1.8157971899025497e-07,0.011094952237189834,0.0017122404976572339,0.010145078996614626,0.00933387173499004,0.007809507932901966,2.5943063146061454e-06,2.3721997121243827e-06,2.1825170459626705e-06,1.8260786807520265e-06,0.024463504844585246,0.14494703841076,0.13335697684997544,0.1115777458901216,0.022369108390613752,0.02058045961137915,0.12193987283314164,0.10202522932231967,0.09386722415323255
0,Ranjana ami aar asbo na by Anjan Dutta 1994.wav,0.5,0.5,0.1028494610987855,0.248149058149058,0.6349642660802639,0.1094509664413612,0.0,0.0003956408884446,0.1850998463901689,0.8540614478114479,0.1818181818181818,0.0,0.9953895804518212,0.548238897396631,0.15756578458612533,0.027160154235927936,0.0,9.817791383278401e-05,0.045932352545255725,0.21193454387583163,0.24700498688050543,0.13604496602965202,0.0694974525782145,0.000251217826362569,0.11753178811470319,0.5422985003970436,0.6320368144155325,0.34811210912210494,0.0,4.3303277603980244e-05,0.02025935707555149,0.09347785086327114,0.10894635156611289,0.06000527716080752,0.0,0.0,0.0,0.0,7.323306767676542e-05,0.0003379016299984026,0.0003938168179584562,0.000216905724445891,0.15808664279766427,0.18424645844000678,0.8501238662171121,0.4682297064571185,0.5457112860670016
0,Resolutions (Official Music Video) Fossils 4 Fossils.wav,0.3863636363636363,0.5,0.1909413006301132,0.1843161343161342,0.3820780648708082,0.3383137673425827,2.1092278719397365e-06,0.0046631632653649,0.2711213517665131,0.8536405723905724,0.5454545454545454,1.0,1.0,0.5344563552833077,0.07042315192397652,0.062356685782512855,3.8876472774777836e-07,0.0008594962267570598,0.049972039488168495,0.15733973039844243,0.1843161343161342,0.09850892936650968,0.12926226954540684,0.00178169239660726,0.103589521428107,0.326157337994199,0.3820780648708082,0.20420404998455136,7.135808275399109e-07,0.0015776123320391392,0.09172408592314264,0.28879835800193326,0.3383137673425827,0.1808139430360817,9.835673930713161e-09,1.8005224879047857e-06,2.1092278719397365e-06,1.127290240898879e-06,0.0012642831280136788,0.003980665358996784,0.0046631632653649,0.002492257242897932,0.23144018590927198,0.2711213517665131,0.8536405723905724,0.45623362904182196,0.5344563552833077
0,Se ki firbe na ( Holud Pakhi) - Cactus - Bangla Band Song.wav,0.3636363636363636,0.5,0.2269126931667251,0.1429975429975429,0.2017592083562397,0.3086683268113364,0.0,0.6419725681850899,0.0069124423963133,0.5060500841750842,0.1818181818181818,1.0,0.1920239741816505,0.5329249617151608,0.0288510710720716,0.04413881233518369,0.0,0.09180049992229042,0.0009884622787848497,0.0723639186707368,0.02745895650459963,0.0762069601273276,0.0622766772621003,0.12952387714344585,0.00139464890568828,0.10210026437177346,0.038742605016308815,0.10752251838893019,0.0,0.19815659848046824,0.002133652028649771,0.1562016327650592,0.059271718818313314,0.1644970562486142,0.0,0.0,0.0,0.0,0.004437598397592746,0.3248702721681597,0.12327412385850155,0.3421232063222225,0.0034980420565097667,0.0013273546602418113,0.09717374829825844,0.26968672173496067,0.10233436908914911
0,Shoytaan.wav,0.5454545454545454,0.5,0.3431841490743003,0.2176658476658476,0.3919736118746564,0.047669868374244,5.59322033898305e-05,0.0117208304557392,0.0929339477726574,0.8431712962962964,1.0,1.0,0.8386353158137392,0.4303215926493107,0.08531926849134103,0.010376102307799201,1.217453046266605e-05,0.0025512244964961558,0.020228546518869083,0.1835295949358449,0.18254226689911335,0.09366631423292979,0.018685330484241876,0.004594256247906569,0.0364276551742192,0.3305008984382954,0.3287229137851545,0.16867470893840492,2.6662807734746644e-06,0.000558730445061918,0.004430149057821445,0.040193864711385134,0.039977635118833496,0.020513373680187685,6.555718729481247e-07,4.7160428436911486e-05,4.6906721053988796e-05,2.4068834843097038e-05,0.001089263045425839,0.009882667809034731,0.009829502350848136,0.005043726428886238,0.07835923721340385,0.07793769064014008,0.7071132263545243,0.3628348150984061,0.3608828847529259
0,Shudhu Tumi Ele Na with lyrics শুধু তুমি এলে না Cactus.wav,0.3409090909090909,0.5,0.0895378384176853,0.200974610974611,0.1192963166575041,0.4023479188900747,0.0,0.3302417870359008,0.0153609831029186,0.4362373737373738,0.8181818181818182,0.0,0.3107422775472568,0.4915773353751914,0.023975530830945894,0.0808617164753771,0.0,0.0663702146771005,0.003087167603296639,0.08767263647945468,0.062451308343424536,0.09879456374096497,0.04799862473839813,0.039396628799774853,0.0018325087044163474,0.052041511875211714,0.037070409141151575,0.05864336546257093,0.0,0.13287209574443393,0.006180459583564901,0.1755191994653041,0.12502650868230075,0.19778511786173655,0.0,0.0,0.0,0.0,0.005072838510536115,0.14406380987487846,0.10262008504481196,0.16233937770064955,0.006701034926841386,0.004773306874765854,0.13555739506638542,0.2144444057728897,0.15275386078509867
0,Sono Sudhijon by Moheener Ghoraguli.wav,0.1818181818181818,0.5,0.1126589389642133,0.0719901719901718,0.9076415612974162,0.2256610933238468,0.0,0.6820963320953816,0.1989247311827957,0.609111952861953,0.4545454545454546,1.0,0.525126786537575,0.2159264931087289,0.06534127210322906,0.016245380919873938,0.0,0.049104232261411855,0.014320625610948153,0.04385007424780141,0.03780396767948626,0.01554458537613204,0.20481938706853825,0.6190989798182931,0.1805523535914215,0.5528553239005412,0.47662689641205963,0.1959838593306825,0.0,0.15392260405282948,0.04488957232786199,0.13745286923945174,0.1185006847837075,0.048726208512499834,0.0,0.0,0.0,0.0,0.13568582950284472,0.4154730288825931,0.35818705498231435,0.14728266895168268,0.12116743148329172,0.10446070484887245,0.31986100244802423,0.1315234078920909,0.11338878545451465
0,Stobdho Jibon.wav,0.2272727272727273,0.5,0.2086306043308038,0.2083701883701882,0.3315008246289169,0.2209178228388473,0.0027118644067796,0.0194369389000261,0.0476190476190476,0.712226430976431,0.4545454545454546,1.0,0.7994467496542186,0.4854517611026033,0.06907488927280013,0.046032688359262476,0.0005650716972750739,0.004050078619938277,0.009922389922389911,0.14840675558478578,0.1665808698173842,0.10115367490558905,0.07323444044630285,0.0064433612736205246,0.015785753553757942,0.23610364919119725,0.2650172567572807,0.16092765912307294,0.0005990991805799114,0.0042939662244454654,0.010519896325659393,0.1573435124995957,0.17661203540920298,0.10724494615607134,5.2710342779730614e-05,0.0019314615077326508,0.002167991185502917,0.0013164793521426234,0.0009255685190488616,0.013843501621872546,0.015538797626853508,0.009435696219461368,0.03391554433221099,0.03806889284067706,0.5693871052619325,0.34575157522133015,0.3880928325273924
0,Sundori by Eeshaan.wav,0.1818181818181818,0.5,0.0638719782529704,0.2661670761670761,0.5920835623969214,0.0263251511917467,0.0,0.3014349821772298,0.0560675883256528,0.6379419191919193,0.2727272727272727,1.0,0.6104195481788843,0.6339969372128635,0.1575931506497751,0.007006888522363437,0.0,0.08023206786058794,0.014923346052378293,0.16979913539572628,0.16247358637400128,0.1687491110768292,0.015586689298246947,0.17847469807854674,0.03319669743085655,0.37771492411748053,0.36141938064247303,0.37537916513372954,0.0,0.007935321480297046,0.0014759877396294222,0.016793917474280332,0.01606938689620684,0.016690065227232972,0.0,0.0,0.0,0.0,0.016900732487663408,0.19229801104172398,0.18400180562593466,0.1911088554691778,0.0357678649009294,0.03422475193322467,0.38941221807750176,0.40445322288737295,0.3870041239602727
0,Sweet heart 2 Chandrabindu.wav,0.5681818181818182,0.5,0.227112355105579,0.2089271089271088,1.0,0.1319815012451084,0.0,0.5997911753563216,0.2703533026113671,0.7454755892255893,0.8181818181818182,1.0,0.611572153065929,0.9341500765696784,0.2089271089271088,0.027574513487000112,0.0,0.12531263622718883,0.0564841339034887,0.15575005963263533,0.1277740018403918,0.19516927480174023,0.1319815012451084,0.5997911753563216,0.2703533026113671,0.7454755892255893,0.611572153065929,0.9341500765696784,0.0,0.0791613397570954,0.03568163474522131,0.09838898740757504,0.08071621088134455,0.12329052949389913,0.0,0.0,0.0,0.0,0.16215552513473516,0.44712967986106267,0.3668155805026098,0.5602949723849253,0.20154178756329294,0.16534055136651843,0.4559121111607858,0.6963860787559104,0.5713001736144208
0,Tomay Dilam by Moheener Ghoraguli.wav,0.7272727272727273,0.5,0.0768934090477861,0.1693284193284192,0.0962067069818581,0.0833629787738645,0.0,0.94135757582342,0.0307219662058371,0.5900147306397306,0.8181818181818182,0.0,0.2911479944674965,0.5421133231240429,0.016290529622030422,0.014115721426287036,0.0,0.1593985903370122,0.005202101976295508,0.09990626171970861,0.04929962969382052,0.09179519210147075,0.008020077672032038,0.09056491246239604,0.0029556592006715165,0.0567633743056365,0.028010389792090078,0.05215493762875616,0.0,0.0784743716119843,0.002561074616708581,0.049185385466587246,0.02427096408284713,0.04519218144861874,0.0,0.0,0.0,0.0,0.028920355632055843,0.5554148365351249,0.274074370277773,0.5103224836776274,0.018126412615659886,0.008944638846927675,0.17178160553203775,0.31985484631924144,0.15783520680167498
0,Tumi Na Thakle with lyrics Anjan Dutta & Usha Uthup The Bong Connection HD Song.wav,0.3181818181818182,0.5,0.1125386457463946,0.4376986076986077,0.6217702034084662,0.0290525317206213,0.0,0.2973197243402768,0.2150537634408602,0.8618476430976432,1.0,0.0,0.8005993545412633,0.8499234303215926,0.27214795234036576,0.012716252684235579,0.0,0.130136429385073,0.09412873283841025,0.377229513432165,0.3504212228071149,0.37201030210218566,0.018063998557461623,0.18486454548040301,0.13371402223837983,0.5358711843559288,0.49778882352180803,0.528457064152678,0.0,0.008637890722562273,0.006247856284004581,0.025038855989436986,0.023259438143318992,0.024692427419517337,0.0,0.0,0.0,0.0,0.06393972566457565,0.25624430366910855,0.23803397939921195,0.2526990000135584,0.18534357916078345,0.1721719042024222,0.6899946667768821,0.7325045052361285,0.6804481497249634
0,একটা ছেলে। Akta chele by sahana-(lyrics).wav,0.75,0.5,0.0525817776857321,0.5518673218673219,0.1456844420010995,0.0581050634412427,1.9774011299435025e-05,0.8199574696333067,0.1175115207373271,0.6259469696969697,0.6363636363636364,1.0,0.3994928538497004,0.6738131699846861,0.08039848284488198,0.03206628574824944,1.0912630658393368e-05,0.4525077328116389,0.06485076823786497,0.3454396777976324,0.2204670513591676,0.3718554695583792,0.008465003744875929,0.11945504642816178,0.01711960032731813,0.09119073500258218,0.0581998934965204,0.098164095682211,1.148970181041522e-06,0.04764368079216412,0.006828014367519298,0.03637068838509605,0.02321255761725994,0.039151956989505035,1.6213848269585158e-05,1.2377482451634991e-05,7.899576206067521e-06,1.3323989236985315e-05,0.09635444919654058,0.5132498933973634,0.32756714957918875,0.5524981418662404,0.07355598031001251,0.04694501277957305,0.2500613412828144,0.42177131189382344,0.26918354623869556
0,ধাঁধার থেকেও জটিল তুমি - মহীনের ঘোড়াগুলি (লিরিক্স) Dhandar thekeo jotil tumi- Lyrics.wav,0.6363636363636364,0.5,0.0601143653664665,0.532997542997543,0.6877405167674547,0.0630854974504921,0.0,0.8302456142256893,0.0821812596006144,0.4381313131313132,0.4545454545454546,1.0,0.2830797602581835,0.6845329249617151,0.3665640056569139,0.033624415139890056,0.0,0.44251887246677835,0.04380240944757072,0.23352291340927708,0.15088081668994532,0.3648543671055156,0.04338645261713339,0.5709935477714885,0.0565193819463269,0.3013206557049329,0.1946854206063703,0.4707810275575073,0.0,0.05237645757951698,0.00518444564301279,0.02763973183752622,0.017858227494053552,0.04318410009245018,0.0,0.0,0.0,0.0,0.06823063035495293,0.363756601182215,0.23502572943041644,0.5683304587425468,0.036006183183602526,0.023263851265457464,0.12402610708281527,0.29991530929509497,0.19377741628699544
