Country,Song Name,Popularity,Time Signature,Duration MS,Tempo,Valence,Liveness,Instrumentalness,Acousticness,Speechiness,Loudness,Key,Mode,Energy,Danceability,Energy-Loudness,Energy-Speechiness,Energy-Valence,Energy-Liveness,Energy-Tempo,Acousticness-Mode,Acousticness-Instrumentalness,Acousticness-Danceability,Danceability-Valence,Danceability-Key,Danceability-Mode,Danceability-Loudness,Danceability-Time Signature,Loudness-Speechiness,Loudness-Valence,Loudness-Liveness,Loudness-Key,Loudness-Mode,Loudness-Tempo,Loudness-Time Signature,Loudness-Duration MS,Valence-Speechiness,Valence-Key,Valence-Liveness,Valence-Tempo,Valence-Time Signature,Speechiness-Liveness,Speechiness-Tempo,Liveness-Tempo,Liveness-Key,Instrumentalness-Mode,Tempo-Duration MS,Key-Mode,Key-Duration MS,Key-Time Signature,Duration MS-Time Signature
1,Sesh Gaan ??? ??? Sumon Aurthohin Aushomapto-1 Original Track G Series World Music.wav,0.2272727272727273,0.0,0.0973320948505821,0.6958558558558557,0.4304562946673997,0.6525554369737933,0.0001079096045197,0.4248927172858195,0.2657450076804916,0.624000420875421,0.0,0.0,0.46288612263716,0.6110260336906583,0.28884113534297956,0.12300967621540505,0.19925224520335147,0.3020588560265968,0.32210201903147956,0.0,4.5850005085613486e-05,0.2596205117872005,0.26302000240779855,0.0,0.0,0.38128050218880993,0.0,0.16582499663816871,0.26860490904093165,0.4071948673161912,0.0,0.0,0.43421434692268024,0.0,0.060735268151449626,0.11439161133250408,0.0,0.28089659546480494,0.29953553333432387,0.0,0.17341334961054722,0.18492021975892942,0.45408452208879085,0.0,0.0,0.06772910816449514,0.0,0.0,0.0,0.0
1,Arbovirus - Omanush.wav,0.2954545454545454,0.5,0.0955462986272931,0.1636773136773136,0.2523364485981308,0.335942132100083,0.0123917137476459,0.0002423475340181,0.2688172043010752,0.7468434343434345,0.9090909090909092,1.0,0.9331489165514062,0.4272588055130167,0.6969161415911072,0.2508464829439263,0.23546748361577538,0.3134840365931618,0.15273530792202986,0.0002423475340181,3.0031012690001723e-06,0.00010354511790359859,0.10781296961543411,0.3884170959209243,0.4272588055130167,0.31909543366281495,0.21362940275650835,0.20076436407081566,0.18845581988105353,0.2508961756782817,0.6789485766758496,0.7468434343434345,0.1222413270708725,0.37342171717171724,0.07135812580561095,0.06783237865541149,0.2293967714528462,0.08477044454861907,0.04130175204941558,0.1261682242990654,0.0903070247580868,0.04399927787024558,0.05498610573317081,0.30540193827280276,0.0123917137476459,0.01563876149112573,0.9090909090909092,0.08686027147935736,0.4545454545454546,0.04777314931364655
1,Black-Miththa.wav,0.2954545454545454,0.5,0.0760228333889327,0.0455773955773954,0.3545904343045629,0.214988734732598,0.0,0.0989642965991427,0.2211981566820276,0.4116687710437711,0.9090909090909092,1.0,0.3026740433379438,0.1424196018376722,0.12460145144778043,0.06695094046184931,0.10732532047991958,0.06507150961362407,0.013795094604223183,0.0989642965991427,0.0,0.014094455717795199,0.0505006284691031,0.12947236530697473,0.1424196018376722,0.05862970246105771,0.0712098009188361,0.09106037331843783,0.14597380831403645,0.08850414821562393,0.3742443373125192,0.4116687710437711,0.018762790424722172,0.20583438552188554,0.031296226392487296,0.07843475044524892,0.3223549402768754,0.07623294881942039,0.0161613084922595,0.17729521715228144,0.04755511183025208,0.01008163588808746,0.009798626607591345,0.19544430430236184,0.0,0.003464922750281809,0.9090909090909092,0.06911166671721156,0.4545454545454546,0.03801141669446635
1,Anmone - Aushomapto - Aurthohin.wav,0.3181818181818182,0.5,0.1901116494680435,0.7573218673218675,0.4062671797691038,0.0692517490809913,2.8813559322033896e-05,0.0038503998425666,0.0491551459293394,0.735479797979798,0.0909090909090909,1.0,0.6622867680958968,0.5053598774885144,0.4870985384038635,0.03255480273282437,0.2690653774727145,0.04586451708383772,0.5015642519169492,0.0038503998425666,1.109437242773427e-07,0.001945837592721252,0.20531113219571856,0.04594180704441039,0.5053598774885144,0.371681980602348,0.2526799387442572,0.03615261679777804,0.29880130330240273,0.05093326242383514,0.06686179981634527,0.735479797979798,0.5569949339835705,0.367739898989899,0.1398232775443628,0.019970122507851462,0.03693337997900943,0.02813471279321196,0.3076750192143265,0.2031335898845519,0.003404079831938123,0.03722626690368621,0.05244586392932175,0.00629561355281739,2.8813559322033896e-05,0.143975709374779,0.0909090909090909,0.01728287722436759,0.04545454545454545,0.09505582473402174
1,Obocheton By Nemesis Album Agontuk 2 Official lyrical Video.wav,0.3409090909090909,0.5,0.1550964019926509,0.2901638001638,0.3380978559648159,0.0423336890786197,0.2598870056497175,0.0,0.0307219662058371,0.735111531986532,0.6363636363636364,1.0,0.7602581834946982,0.4226646248085757,0.5588745579740856,0.02335662622103522,0.257041661819263,0.032184533559540755,0.2205994036284492,0.0,0.0,0.0,0.14290200343995277,0.26896839760545727,0.4226646248085757,0.31070563985954486,0.21133231240428785,0.022584071643211374,0.24853963285965766,0.03111998303322565,0.4677982476277931,0.735111531986532,0.21330275566544493,0.367555765993266,0.11401315367441663,0.010387030905217054,0.21515318106851922,0.014312929512562463,0.09810375871398408,0.16904892798240795,0.0013005741652417696,0.008914402462789534,0.01228370409800505,0.02693962032275799,0.2598870056497175,0.04500336139391995,0.6363636363636364,0.09869771035895966,0.3181818181818182,0.07754820099632545
1,Abar Black Album Abar Bangla Band Song Official Art Track.wav,0.3409090909090909,0.5,0.0569594587053225,0.8648157248157248,0.5360087960417813,0.1568836712913554,0.0004161958568738,0.0127496449149775,0.4377880184331796,0.8456965488215489,0.0909090909090909,1.0,0.9193176579068696,0.1944869831546707,0.7774637705625489,0.4024662557656801,0.49276235099461135,0.14422592925540004,0.795040366658624,0.0127496449149775,5.306349390225747e-06,0.002479639975807262,0.10424673368653324,0.01768063483224279,0.1944869831546707,0.16447697044461973,0.09724349157733535,0.37023581630436464,0.45330078895052794,0.13267597937755354,0.07688150443832262,0.8456965488215489,0.7313716738432647,0.42284827441077444,0.04817041764983477,0.23465822868188577,0.048728072367434656,0.08409102776749397,0.46354883545647707,0.26800439802089066,0.06868179157916478,0.3786059624769301,0.13567546589958543,0.01426215193557776,0.0004161958568738,0.04925943556535482,0.0909090909090909,0.005178132609574772,0.04545454545454545,0.02847972935266125
1,Jare Ja Ure Ja Pakhi_Hasan (Ark).wav,0.3636363636363636,0.0,0.1719820973928615,0.5741769041769039,0.4546454095656954,0.0071149057274991,0.0,0.2006111651718816,0.0238095238095238,0.6548295454545456,0.0909090909090909,0.0,0.4156293222683264,0.5650842266462479,0.272166360178549,0.009895936244483958,0.18896396345019564,0.002957163445523485,0.23864475754517236,0.0,0.0,0.11336220512775541,0.2569129496626976,0.05137129333147707,0.0,0.37003384727829597,0.0,0.015591179653679652,0.29771524688890005,0.004659050483490179,0.05952995867768596,0.0,0.3759880011726602,0.0,0.11261895866208689,0.010824890703945125,0.04133140086960867,0.0032347592285001405,0.26104689376267154,0.0,0.0001694025173214071,0.01367087867087866,0.0040852145441259554,0.0006468096115908273,0.0,0.098748148254884,0.0,0.01563473612662377,0.0,0.0
1,Sraboner meghgulo jaro holo akashe ???????? ??????? ???? ??? ????? Different touch.wav,0.3636363636363636,0.5,0.0898119085325095,0.6651515151515149,0.8196811434854316,0.7284477647337839,0.0005951035781544,0.7664591177529179,0.1605222734254992,1.0,0.9090909090909092,0.0,0.9227754725680036,0.3813169984686064,0.9227754725680036,0.14812601671790532,0.7563816545348507,0.6721937303433234,0.6137855037232628,0.0,0.00045612256348382605,0.2922638902304388,0.3125583533351799,0.3466518167896422,0.0,0.3813169984686064,0.1906584992343032,0.1605222734254992,0.8196811434854316,0.7284477647337839,0.9090909090909092,0.0,0.6651515151515149,0.5,0.0898119085325095,0.1315770806362943,0.745164675895847,0.5970948967663947,0.5452121545304611,0.4098405717427158,0.11693209126679019,0.10677163338453656,0.4845281344214107,0.6622252406670763,0.0,0.05973852703904797,0.0,0.08164718957500865,0.4545454545454546,0.04490595426625475
1,BISSHOY (???????) - Mechanix Official Music Video.wav,0.3636363636363636,0.5,0.1710854788724185,0.439172809172809,0.0185816382627817,0.1058935135776117,0.003879472693032,0.0888819148986078,0.0460829493087557,0.7668350168350169,0.0,0.0,0.3856615952051637,0.4410413476263399,0.29573881585177114,0.01777242374217342,0.007166224253949697,0.04083906136822139,0.16937208615631846,0.0,0.00034481496175354305,0.039200599526491645,0.008195270780522403,0.0,0.0,0.3382059492319829,0.22052067381316995,0.0353380192089869,0.014249050890062398,0.08120285426700696,0.0,0.0,0.33677308851551263,0.38341750841750843,0.13119433607135797,0.0008562966941374044,0.0,0.001967674963674143,0.008160550274898794,0.00929081913139085,0.004879885418323114,0.0202383783028944,0.04650555183105872,0.0,0.0,0.07513609036507529,0.0,0.0,0.0,0.08554273943620926
1,Manush Pakhir Gaan Black Album Abar Official Lyrical Video.wav,0.3863636363636363,0.5,0.0888656845614196,0.3395741195741194,0.2589334799340297,0.0385390726906201,7.062146892655366e-05,0.0311654237353421,0.0360983102918586,0.8056607744107744,0.7272727272727273,1.0,0.6334716459197789,0.5880551301684531,0.510363256818997,0.022867256035506562,0.16402701771754585,0.02441340980954912,0.21511057643837725,0.0311654237353421,2.20094800390834e-06,0.018326987311441598,0.1522671612475764,0.42767645830432954,0.5880551301684531,0.4737729515677447,0.29402756508422656,0.02908299262465923,0.2086125479645271,0.03104941914899812,0.5859351086623814,0.8056607744107744,0.273581548145942,0.4028303872053872,0.07159559624229692,0.009347061103609347,0.18831525813383979,0.009979056205212793,0.08792710847686105,0.12946673996701485,0.0013911954043464984,0.012258051935471258,0.013086871678120312,0.028028416502269168,7.062146892655366e-05,0.03017648659529548,0.7272727272727273,0.06462958877194153,0.36363636363636365,0.0444328422807098
1,Jadur Shohor By Chirkutt Album Jadur Shohor Official lyrical Video.wav,0.3863636363636363,0.0,0.2503525087336596,0.5852661752661753,0.3798790544255086,0.2304043638088461,0.0,0.1090466782996775,0.1251920122887865,0.7781460437710439,0.7272727272727273,1.0,0.6426924850161366,0.5313935681470139,0.5001086145766876,0.08045996548205091,0.24414541349431035,0.14807915313486933,0.37614617257770794,0.1090466782996775,0.0,0.05794670347624518,0.20186528619548472,0.38646804956146463,0.5313935681470139,0.41350180273897746,0.0,0.09741766907425511,0.2956013833126946,0.17928824416543787,0.5659243954698502,0.7781460437710439,0.4554225588363847,0.0,0.19481081421925295,0.047557823249890864,0.2762756759458245,0.08752579185921534,0.22233036124734867,0.0,0.028844785945347094,0.07327065020613409,0.13484788077103974,0.16756681004279717,0.0,0.1465228552548407,0.7272727272727273,0.1820745518062979,0.0,0.0
1,Meghdol Roder Fota Shohorbondi (2009) Remastered.wav,0.3863636363636363,0.0,0.1099442806775608,0.5522522522522523,0.2270478284771852,0.1011502430926123,8.70056497175141e-06,0.5678979271199361,0.0238095238095238,0.6244739057239058,1.0,1.0,0.1931765790686953,0.4349157733537518,0.12063373282541105,0.004599442358778458,0.04386032279019853,0.019539857932597767,0.10668220087307227,0.5678979271199361,4.941032812229952e-06,0.2469877661593596,0.09874668191044499,0.4349157733537518,0.4349157733537518,0.2715935516471504,0.0,0.014868426326759658,0.14178544423527928,0.06316568736896612,0.6244739057239058,0.6244739057239058,0.3448671209087876,0.0,0.06865733436672175,0.005405900678028217,0.2270478284771852,0.02296594304411702,0.12538767464550857,0.0,0.0024083391212526726,0.013148863148863144,0.05586044956375796,0.1011502430926123,8.70056497175141e-06,0.060716976626436735,1.0,0.1099442806775608,0.0,0.0
1,Jodi Kono Din - Aushomapto - Aurthohin.wav,0.4090909090909091,0.5,0.2163157287722775,0.5451597051597051,0.4007696536558549,0.0869204316376141,2.9943502824858754e-06,0.8559659757066453,0.08678955453149,0.4131944444444445,0.0909090909090909,1.0,0.1966343937298294,0.3139356814701378,0.08124823907586702,0.017065811437381503,0.07880509787193274,0.017091546377797334,0.10719714811001117,0.8559659757066453,2.5630619611554916e-06,0.2687182618987171,0.1258158943330019,0.02853960740637616,0.3139356814701378,0.12971647949634166,0.1569678407350689,0.035860961768219825,0.1655957943925234,0.035915039461375274,0.03756313131313131,0.4131944444444445,0.2252569615069615,0.20659722222222224,0.08938045737465633,0.034782619710531176,0.03643360487780498,0.034835071283024016,0.21848346622398299,0.20038482682792744,0.0075437855415133575,0.04731416795932924,0.04738551688391601,0.007901857421601282,2.9943502824858754e-06,0.11792661891890155,0.0909090909090909,0.019665066252025225,0.04545454545454545,0.10815786438613875
1,Chaitei Paro by Aurthohin Lyrics.wav,0.4090909090909091,0.5,0.0877706442383889,0.716134316134316,0.7295217152281473,0.2885094272500889,1.1713747645951035e-05,0.0001909068110562,0.2580645161290322,0.8282828282828284,0.6363636363636364,1.0,0.9458275703088984,0.450229709035222,0.7834127350033301,0.24408453427326404,0.6900017514018187,0.27288017058716346,0.6773395802441446,0.0001909068110562,2.2362342086055817e-09,8.595191799467503e-05,0.3284523495820449,0.28650981484059584,0.450229709035222,0.3729175367766486,0.225114854517611,0.21375040729879438,0.60425030958291,0.23896740438896255,0.527089072543618,0.8282828282828284,0.5931617567981204,0.4141414141414142,0.0726989174499787,0.18826366844597348,0.46424109150882104,0.21047389222697524,0.5224355346400426,0.3647608576140737,0.07445404574195841,0.18480885577659764,0.2066115013820456,0.18359690825005656,1.1713747645951035e-05,0.06285557028832697,0.6363636363636364,0.05585404633352021,0.3181818181818182,0.04388532211919445
1,Chena Jogot ???? ??? Vibe Chena Jogot Original Track @gseriesworldmusic3801.wav,0.4090909090909091,0.0,0.1157034734976679,1.0,0.7460142935678945,0.2754654334163405,0.0012146892655367,2.321005420041487e-05,0.6466973886328724,0.771517255892256,0.6363636363636364,0.0,0.9596588289534348,0.0,0.7403933463069299,0.6206088586626667,0.7159192033478896,0.26435283524947567,0.9596588289534348,0.0,2.8193003689768936e-08,0.0,0.0,0.0,0.0,0.0,0.0,0.49893819467072154,0.5755629006299018,0.21252633528254597,0.4909655264768901,0.0,0.771517255892256,0.0,0.08926722637012309,0.4824454955331544,0.47473636863411467,0.20550115071246514,0.7460142935678945,0.0,0.17814277644896978,0.6466973886328724,0.2754654334163405,0.17529618490130758,0.0,0.1157034734976679,0.0,0.07362948313487956,0.0,0.0
1,Vibe - Shopnodev Lyrics.wav,0.4090909090909091,0.5,0.0531807635022936,0.1424733824733824,0.6250687190764157,0.2600498043400925,0.0839924670433144,7.897179789112791e-05,0.5468509984639016,0.7704650673400675,0.6363636363636364,0.0,0.967727063162748,0.3782542113323123,0.7455998968864924,0.5292025107310879,0.6048959157867205,0.25165723343008495,0.13787534799982928,0.0,6.633036131721846e-06,2.987141512880335e-05,0.2364348753627483,0.24070722539328965,0.0,0.2914316564058141,0.18912710566615615,0.4213295913564731,0.48159361273538037,0.20035929001266076,0.4902959519436793,0.0,0.10977076422152175,0.38523253367003374,0.04097392053299084,0.34181945313548995,0.39777100304862817,0.16254899809493414,0.08905565468512139,0.31253435953820785,0.14220849515372183,0.07791171146009851,0.037050175235874255,0.1654862391255134,0.0,0.0075768432586887716,0.0,0.03384230404691411,0.3181818181818182,0.0265903817511468
1,Obosh Onuvutir Deyal ??? ???????? ?????? Artcell Onno Shomoy Original Track.wav,0.4318181818181818,0.5,0.2898607699013967,0.1415397215397215,0.3446948873007147,0.1497687655638562,0.0,0.0527705273793453,0.043010752688172,0.7916140572390573,0.5454545454545454,1.0,0.6795758414015676,0.4395099540581929,0.5379617890135411,0.02922906844737922,0.23424631806420168,0.10177923487373171,0.09618697535709982,0.0527705273793453,0.0,0.023193172064122664,0.1514968340816311,0.23973270221355975,0.4395099540581929,0.34792225792895776,0.21975497702909644,0.03404791644038953,0.27286531824567833,0.11855906015568943,0.4317894857667585,0.7916140572390573,0.11204483322854533,0.39580702861952866,0.22945786009608146,0.014825586550568358,0.18801539307311707,0.05162452776720058,0.04878801836470884,0.17234744365035734,0.0064416673360798305,0.0060877299586976925,0.02119822937325604,0.08169205394392157,0.0,0.041026812657132976,0.5454545454545454,0.1581058744916709,0.2727272727272727,0.14493038495069835
1,Chile Kothar Shepai ???? ????? ????? Artcell Agontuk 2 Original Track @G Series World Music.wav,0.4545454545454546,0.5,0.2636988552302127,0.488190008190008,0.3183067619571192,0.327641408751334,0.0020715630885122,0.0006857665659498,0.7849462365591396,0.5390888047138047,0.6363636363636364,0.0,0.9562010142923008,0.0643185298621745,0.5154772618609641,0.7505663875627736,0.3043652486394953,0.3132910473721839,0.4668077809986523,0.0,1.420608705357373e-06,4.410749735052307e-05,0.020473022974271043,0.0409299735486565,0.0,0.0346733993843488,0.03215926493108725,0.423155728431266,0.17159561183578495,0.17662781541850378,0.343056512090603,0.0,0.26317776798837395,0.26954440235690236,0.14215710067045398,0.24985369486956666,0.20255884851816677,0.10429047590270607,0.15539418072678096,0.1591533809785596,0.2571808907402944,0.38320290965452236,0.15995126202169951,0.20849907829630346,0.0,0.12873514629453328,0.0,0.16780836241922625,0.3181818181818182,0.13184942761510635
1,Shironamhin - JADUKOR Official Music Video.wav,0.4545454545454546,0.0,0.1361595212081904,0.4700245700245701,0.1181968114348543,0.0975927902288628,0.0002485875706214,0.102873791544248,0.0153609831029186,0.8329650673400675,0.8181818181818182,0.0,0.54587367450438,0.4808575803981622,0.4546937020427109,0.008385156290389868,0.06452052777264523,0.05327333500736449,0.25657403914665333,0.0,2.5573145920596933e-05,0.04946764248835201,0.056835832757341866,0.3934289294166782,0.0,0.40053756683733704,0.0,0.012795162324732231,0.09845381499621467,0.08129138508488978,0.6815168732782371,0.0,0.3915140476220023,0.0,0.11341612475217165,0.001815619223269653,0.09670648208306262,0.011535156624082188,0.05555540547294258,0.0,0.001499121201672241,0.007220039478104002,0.0458710092648193,0.07984864655088775,0.0,0.06399832041063103,0.0,0.11140324462488305,0.0,0.0
1,Nirban - Meghdol (Lyric Video).wav,0.4772727272727273,0.0,0.0570301464724944,0.4395413595413594,0.3304013194062671,0.1699276651251037,7.099811676082863e-05,0.6851827754730964,0.0576036866359447,0.5002104377104378,0.3636363636363636,1.0,0.2358229598893499,0.6462480857580397,0.11796110598842273,0.013584271883027068,0.0779162170937324,0.04007284495688821,0.10365394440083232,0.6851827754730964,4.864668669554752e-05,0.44279805704386926,0.21352122019823078,0.2349993039120144,0.6462480857580397,0.3232600378465616,0.0,0.028813965305900798,0.16527018860031503,0.08499959175134082,0.18189470462197738,0.5002104377104378,0.2198631758480243,0.0,0.028527074529696807,0.019032334067181286,0.12014593432955166,0.05614432476096059,0.14522504512608958,0.0,0.009788459972644223,0.02531920273855757,0.07469023695277693,0.061791878227310436,7.099811676082863e-05,0.025067108115363054,0.3636363636363636,0.020738235080907053,0.0,0.0
1,Maa James LYRICS.wav,0.5,0.5,0.1400696708554336,0.4873791973791973,0.2622319956019791,0.4521522589825684,0.0,0.2181010109789317,0.0115207373271889,0.8908880471380473,0.1818181818181818,1.0,0.6876440756108806,0.6508422664624807,0.6126138876470251,0.00792216676971058,0.1803222782113194,0.3109198221634397,0.3351434176537911,0.2181010109789317,0.0,0.14194935630328628,0.17067166635657133,0.11833495753863284,0.6508422664624807,0.5798275957636599,0.32542113323124033,0.010263687179009726,0.23361935045896012,0.4028170430140369,0.1619796449341904,0.8908880471380473,0.434200301368862,0.44544402356902363,0.12478639553166629,0.003021105940114956,0.04767854465490528,0.11856878918894177,0.12780641954363775,0.13111599780098954,0.005209127407633259,0.005614967711741885,0.22036960507611514,0.08220950163319424,0.0,0.06826704375868957,0.1818181818181818,0.025467212882806105,0.0909090909090909,0.0700348354277168
1,Vibe - Odhora (with lyrics).wav,0.5,0.0,0.1348809407177661,0.4533824733824733,0.560197910940077,0.1699276651251037,4.293785310734463e-05,0.0014326858633568,0.0560675883256528,0.6691393097643099,0.1818181818181818,1.0,0.6161825726141079,0.7901990811638591,0.41231198132780095,0.03454787081476946,0.34518418993610556,0.10470646585509504,0.2793663788269597,0.0014326858633568,6.15164551497835e-08,0.0011321070528209935,0.4426678744947622,0.14367256021161073,0.7901990811638591,0.5287532677463765,0.0,0.037517027352376796,0.37485044345785146,0.1137052805516727,0.12166169268441997,0.6691393097643099,0.3033760352983838,0.0,0.09025413957224682,0.031408945851478944,0.10185416562546853,0.09519312301400808,0.2539839144457066,0.0,0.009527434373373703,0.02542006187167475,0.07704222511052816,0.030895939113655218,4.293785310734463e-05,0.06115265451477555,0.1818181818181818,0.024523807403230197,0.0,0.0
1,Nemesis - Nirbashon Official Audio.wav,0.5,0.5,0.2749072068038836,0.6520393120393119,0.7020340846619022,0.023953515949247,0.0,0.0331201712078948,0.0990783410138248,0.8584280303030304,0.7272727272727273,1.0,0.8063623789764869,0.548238897396631,0.6922040686952513,0.0798930467649514,0.5660938746305518,0.01931521410568603,0.5257799708422114,0.0331201712078948,0.0,0.01815776614460389,0.38488239250989437,0.39871919810664075,0.548238897396631,0.47062363682769515,0.2741194486983155,0.08505162512218957,0.6026457365019076,0.020562369515144324,0.6243112947658404,0.8584280303030304,0.5597288223140495,0.4292140151515152,0.23598805205276563,0.0695563724434603,0.5105702433904743,0.01681618464386389,0.45775382159109473,0.3510170423309511,0.0023732746216995853,0.06460297331265066,0.015618634060469698,0.017420738872179636,0.0,0.1792503059990531,0.7272727272727273,0.19993251403918808,0.36363636363636365,0.1374536034019418
1,Eto Kosto Keno Valobashay Hasan - Lyrics Play ? Ron Razib.wav,0.5454545454545454,0.5,0.1166931022380739,0.4397133497133495,0.3018141836173722,0.0422151073164947,0.0,0.5329182355058356,0.0522273425499232,0.7571022727272728,0.0909090909090909,1.0,0.4951590594744122,0.578866768759571,0.3748860492895763,0.02586084181586792,0.14944602729601558,0.02090319283444689,0.21772804868240545,0.5329182355058356,0.0,0.30848865700031514,0.1747102012363961,0.052624251705415535,0.578866768759571,0.4382613462341639,0.2894333843797855,0.03954143974305265,0.22850420435803895,0.03196115369274386,0.06882747933884298,0.7571022727272728,0.33290797641649905,0.3785511363636364,0.08834861291604176,0.015762952754209917,0.027437653056124743,0.012741118151047604,0.13271172566939468,0.1509070918086861,0.0022047828706003377,0.02296505973925328,0.018562546246644416,0.003837737028772245,0.0,0.05131151487354584,0.0909090909090909,0.010608463839824899,0.04545454545454545,0.05834655111903695
1,Dhushor Shomoy ???? ??? Artcell Oniket Prantor Bangla Band Song @G Series World Music.wav,0.5454545454545454,0.5,0.2881915464871281,0.6091564291564292,0.4139637163276526,0.0928495197438633,3.3145009416195857e-06,0.0285933875872465,0.1336405529953917,0.5167824074074074,0.1818181818181818,0.0,0.6645919778699863,0.0781010719754976,0.34344944226730195,0.0888164394388461,0.27511696500060456,0.06170704597085245,0.40484047608528945,0.0,9.47728100820223e-08,0.0022331742219748383,0.032331010004150465,0.014200194904635925,0.0,0.04036125999659685,0.0390505359877488,0.06906308670421574,0.21392916590312142,0.04798299833985528,0.0939604377104377,0.0,0.3148013259471593,0.2583912037037037,0.14893232118808183,0.05532233997005496,0.07526613024139138,0.038436332252407404,0.25216865923847787,0.2069818581638263,0.012408461163926432,0.08140800205316336,0.056559881896061134,0.016881730862520598,0.0,0.175553733371168,0.0,0.05239846299765964,0.0909090909090909,0.14409577324356404
1,Dhrubosshor ????????? Mechanix Rock 202 Original Track @G Series World Music.wav,0.5454545454545454,0.5,0.2881915464871281,0.6091564291564292,0.4139637163276526,0.0928495197438633,3.3145009416195857e-06,0.0285933875872465,0.1336405529953917,0.5167824074074074,0.1818181818181818,0.0,0.6645919778699863,0.0781010719754976,0.34344944226730195,0.0888164394388461,0.27511696500060456,0.06170704597085245,0.40484047608528945,0.0,9.47728100820223e-08,0.0022331742219748383,0.032331010004150465,0.014200194904635925,0.0,0.04036125999659685,0.0390505359877488,0.06906308670421574,0.21392916590312142,0.04798299833985528,0.0939604377104377,0.0,0.3148013259471593,0.2583912037037037,0.14893232118808183,0.05532233997005496,0.07526613024139138,0.038436332252407404,0.25216865923847787,0.2069818581638263,0.012408461163926432,0.08140800205316336,0.056559881896061134,0.016881730862520598,0.0,0.175553733371168,0.0,0.05239846299765964,0.0909090909090909,0.14409577324356404
1,???? ???? ?? ???? ???? Ayub Bacchu Official Spectrum Lyrical Video .wav,0.5454545454545454,0.5,0.2220612800934567,0.1759623259623259,0.7042330951072018,0.3632159373888296,0.0003145009416195,0.090528018033389,0.0145929339477726,0.8714751683501685,0.8181818181818182,0.0,0.7982941447671739,0.77947932618683,0.6956935242039266,0.011649453725480987,0.5621851563753435,0.2899531561036231,0.1404696945153376,0.0,2.8471146914447915e-05,0.07056471849769526,0.5489351384526274,0.6377558123346792,0.0,0.6792968770141435,0.389739663093415,0.012717379568858015,0.6137216551163088,0.31653367018339457,0.7130251377410469,0.0,0.15334679764130518,0.43573758417508424,0.19352089145349907,0.010276827040734855,0.5761907141786197,0.2557886837795991,0.12391849343471109,0.3521165475536009,0.005300386183093499,0.0025678066000646535,0.06391232116952499,0.2971766760454061,0.0,0.03907441935141617,0.0,0.18168650189464639,0.4090909090909091,0.11103064004672834
1,Cafeteria ????????????? Shironamhin Ichche Ghuri Original Track.wav,0.5454545454545454,0.5,0.104703464816714,0.1436199836199836,0.2864211105002748,0.0735206925174908,0.0,0.3662502931092394,0.0030721966205837,0.7293771043771045,0.4545454545454546,1.0,0.4893960350391886,0.568147013782542,0.35695426293051935,0.0015035208449744573,0.14017335583035578,0.03598073541139534,0.07028705053601318,0.3662502931092394,0.0,0.20808401032699506,0.1627292986150106,0.25824864262842817,0.568147013782542,0.4143934237732093,0.284073506891271,0.002240789875198465,0.2089090002091651,0.05362430982020689,0.3315350474441384,0.7293771043771045,0.10475312778343081,0.36468855218855223,0.07636830998626488,0.0008799419677427748,0.1301914138637613,0.021057878395608957,0.04113579519846698,0.1432105552501374,0.00022587002309520856,0.00044122882832559995,0.010559040655091879,0.033418496598859454,0.0,0.015037509901931994,0.4545454545454546,0.047592484007597274,0.2272727272727273,0.052351732408357
1,Warfaze-Jotodurey.wav,0.5454545454545454,0.5,0.2288287036979623,0.5112448812448812,0.319406267179769,0.3406854025850824,0.0013126177024482,0.005043824615283,0.076036866359447,0.755155723905724,0.6363636363636364,1.0,0.7302904564315353,0.2572741194486982,0.5514830182879977,0.0555289978392642,0.23325934864580644,0.2487992981534212,0.37335725767261035,0.005043824615283,6.620613478064447e-06,0.0012976455365506028,0.0821749661350707,0.16371989419462613,0.2572741194486982,0.19428202391448943,0.1286370597243491,0.05741967485919099,0.24120147091216357,0.25727053181325094,0.48055364248546073,0.755155723905724,0.3860694983895742,0.377577861952862,0.17280130539144314,0.024286651651917915,0.203258533659853,0.10881705272233799,0.1632948191331918,0.1597031335898845,0.025904650426976306,0.03887345871216838,0.174173668186475,0.21679980164505244,0.0013126177024482,0.11698750344748485,0.6363636363636364,0.14561826598961236,0.3181818181818182,0.11441435184898115
1,???? ????? ?????? ????? Baba Katodin Dekhina Tomay James Bangla Song.wav,0.5454545454545454,0.5,0.1625248182270267,0.5692219492219491,0.2512369433754809,0.3394995849638326,0.0,0.7181048381687202,0.0552995391705069,0.7647832491582492,0.2727272727272727,1.0,0.5228215767634856,0.6539050535987747,0.39984518420721754,0.028911792263418553,0.1313520948768075,0.1774977083213399,0.29760151702060417,0.7181048381687202,0.0,0.46957238269225643,0.16428510692393616,0.1783377418905749,0.6539050535987747,0.5000956315322701,0.32695252679938736,0.04229216124377414,0.19214180586328738,0.259643595676517,0.2085772497704316,0.7647832491582492,0.4353314118181542,0.3823916245791246,0.12429625855251933,0.013893287191270831,0.06851916637513115,0.08529483800355768,0.14300958262475572,0.12561847168774046,0.018774170597078296,0.031477711477711466,0.19325061551315553,0.09259079589922706,0.0,0.0925126938281311,0.2727272727272727,0.044324950425552734,0.13636363636363635,0.08126240911351335
1,Shoto Asha - SHUNNO.wav,0.5681818181818182,0.5,0.0563096273018479,0.1926617526617526,0.3589884551951622,0.3134115972963358,8.022598870056497e-05,0.1512280711284457,0.1105990783410138,0.8403829966329968,0.0909090909090909,0.0,0.872060857538036,0.4701378254211332,0.7328651167041556,0.09644912710098091,0.31305978008374796,0.27331398630060816,0.16801277324098896,0.0,1.2132421525558919e-05,0.07109803650295991,0.16877405167674547,0.042739802311012105,0.0,0.39509583455793257,0.2350689127105666,0.09294558488106874,0.3016877937335607,0.26338577731542867,0.07639845423936333,0.0,0.1619096610384489,0.4201914983164984,0.047321653331214145,0.03970379227964927,0.03263531410865111,0.11251114515365986,0.069163344963235,0.1794942275975811,0.03466303380235971,0.0213082122759542,0.06038242763963145,0.028491963390575976,0.0,0.010848711487704091,0.0,0.005119057027440718,0.04545454545454545,0.02815481365092395
1,Tor Premete Ondho Holam (??? ???????? ???? ????) Lyrics - James James song all Shotta Movie Song.wav,0.5681818181818182,0.5,0.1707605631706812,0.5367403767403766,0.3776800439802089,0.0642713150717419,0.0,0.5143995752395472,0.0829493087557603,0.7080702861952863,0.5454545454545454,1.0,0.5516366989396035,0.7258805513016846,0.3905975552939881,0.04575788286134957,0.2083421727166067,0.03545441608268289,0.29608568961266046,0.5143995752395472,0.0,0.3733926472642349,0.2741505985399985,0.3959348461645552,0.7258805513016846,0.513974449703776,0.3629402756508423,0.05873394079039237,0.26742401683131484,0.045508608456995704,0.3862201561065198,0.7080702861952863,0.3800499121711242,0.35403514309764317,0.1209104808351325,0.031328298579003475,0.20600729671647755,0.02427399310296134,0.2027161290932593,0.18884002199010444,0.005331261158024669,0.0445222432319206,0.03449700986520619,0.03505708094822285,0.0,0.0916540890086303,0.5454545454545454,0.0931421253658261,0.2727272727272727,0.0853802815853406
1,Poth Chola ?? ??? Artcell Band Album Onnosomoy Bangla New Song Official Lyrical Video.wav,0.5681818181818182,0.5,0.3067353040752119,0.7135462735462733,0.6272677295217153,0.0975927902288628,9.209039548022598e-06,0.5493792668536476,0.1635944700460829,0.8143939393939394,0.5454545454545454,1.0,0.7395112955278931,0.3705972434915772,0.6022535171912766,0.12097995848497786,0.4638715713014437,0.07217097073632824,0.5276755291693049,0.5493792668536476,5.059255395318901e-06,0.20359844192738538,0.2324636914919679,0.20214395099540572,0.3705972434915772,0.3018121490556405,0.1852986217457886,0.1332303449238933,0.5108430372998818,0.07947897689092993,0.44421487603305787,0.8143939393939394,0.581107760653215,0.4071969696969697,0.2498033726370097,0.10261753178811468,0.34214603428457196,0.06121680794454781,0.44758455091605165,0.31363386476085764,0.01596564079780935,0.11673222447415989,0.0696369717927882,0.05323243103392516,9.209039548022598e-06,0.21886983318795045,0.5454545454545454,0.16731016585920647,0.2727272727272727,0.15336765203760594
1,????? ???? Hashte Dekho Ayub Bacchu Official Spectrum Video.wav,0.5681818181818182,0.5,0.2296558745874996,0.2117444717444717,0.8812534359538209,0.1343531364876082,0.0052730696798493,0.1409399265360632,0.0038402457757296,0.716277356902357,0.7272727272727273,0.0,0.6749654218533887,0.6355283307810107,0.4834624483656297,0.0025920331100360234,0.594815597158319,0.09068372144668436,0.1429201966961303,0.0,0.0007431860532975025,0.08957131625186252,0.5600615251467621,0.4622024223861896,0.0,0.4552145530083892,0.31776416539050534,0.0027506810940950395,0.6312218818661234,0.09623410949488562,0.5209289868380779,0.0,0.151667770559816,0.3581386784511785,0.1644973028466334,0.003384229784768856,0.6409115897845971,0.11839916316087738,0.18660054326904243,0.44062671797691044,0.0005159490648525597,0.0008131508131508031,0.0284485339127815,0.09771137199098777,0.0,0.048628361847544745,0.0,0.16702245424545425,0.36363636363636365,0.1148279372937498
1,Abar Hashimukh - Shironamhin [Lyrics Video].wav,0.5681818181818182,0.0,0.2007619397219366,0.6824815724815726,0.2710280373831776,0.2671647100675916,4.802259887005649e-05,0.1697467313947341,0.130568356374808,0.7090698653198655,0.1818181818181818,0.0,0.5896726602120794,0.2863705972434915,0.418119113759386,0.07699259004305184,0.15981782379579723,0.15753972530034568,0.40244072439093204,0.0,8.151679191272541e-06,0.04861047284964053,0.07761446093515191,0.05206738131699845,0.0,0.20305676081901197,0.0,0.0925820868697213,0.1921778139651972,0.1894384449858481,0.12892179369452098,0.0,0.4839271166827987,0.0,0.14235424155998855,0.03538768537261151,0.04927782497875956,0.07240912702766503,0.1849716411398655,0.0,0.034883257074877556,0.08911049717501332,0.18233499143851337,0.048575401830471196,0.0,0.13701632431587799,0.0,0.036502170858533925,0.0,0.0
1,Amar Prithibi Black Album Amar Prithibi Official lLyrical Video.wav,0.5681818181818182,0.5,0.0957769639728013,0.7108435708435709,0.4469488730071469,0.0807541800071149,0.0015216572504708,0.0037886709750124,0.065284178187404,0.4426031144781145,0.0909090909090909,1.0,0.3914246196403873,0.3935681470137824,0.17324575573624676,0.025553834615539877,0.17494679261552223,0.03160917419365632,0.2782416743412594,0.0037886709750124,5.765058658775893e-06,0.0014911002152805306,0.17590483975932117,0.0357789224557984,0.3935681470137824,0.17419448762768053,0.1967840735068912,0.028894980591889195,0.1978209632054465,0.03574205157827534,0.040236646770737676,0.4426031144781145,0.3146215783621087,0.22130155723905726,0.04239118254962002,0.02917868986605798,0.04063171572792244,0.03609298974479628,0.31771073287291,0.22347443650357346,0.005271970276962187,0.04640683834232221,0.05740358967680206,0.007341289091555899,0.0015216572504708,0.06808243907498211,0.0909090909090909,0.008706996724800117,0.04545454545454545,0.04788848198640065
1,Aushomapto ??????? Aurthohin Aushomapto-1 Original Track @gseriesworldmusic3801.wav,0.5681818181818182,0.5,0.1545780250333906,0.0366666666666665,0.1500824628916987,0.1533262184276058,0.0,0.0077187422093025,0.0737327188940092,0.6881313131313131,0.7272727272727273,1.0,0.5228215767634856,0.4900459418070443,0.359769898151641,0.03854905635122474,0.07846634989358522,0.08016225527750347,0.019170124481327717,0.0077187422093025,0.0,0.0037825382955234293,0.07354730187648326,0.3563970485869413,0.4900459418070443,0.3372159574303525,0.24502297090352215,0.050737792673276536,0.10327644226764619,0.10550857202404693,0.5004591368227732,0.6881313131313131,0.02523148148148137,0.3440656565656566,0.10636997934747207,0.011065988047314186,0.1091508821030536,0.023011576487485634,0.00550302363936226,0.07504123144584934,0.011305158962404112,0.0027035330261136587,0.005621961342345521,0.11150997703825877,0.0,0.005667860917890963,0.7272727272727273,0.1124203818424659,0.36363636363636365,0.0772890125166953
1,????? ???? ???????????? ???? Kobita James Lyrics.wav,0.5909090909090909,0.5,0.2837568191992936,0.566986076986077,0.4953271028037384,0.2375192695363453,0.0,0.0121323562394345,0.1044546850998463,0.8269149831649832,0.8181818181818182,0.0,0.7533425541724297,0.346094946401225,0.6229502455009601,0.07869015926839505,0.37315098477699793,0.17893337317768013,0.42713473941689706,0.0,0.0,0.004198947182407651,0.1714302070959339,0.2831685925100932,0.0,0.2861910967768548,0.1730474732006125,0.08637514417084304,0.40959340287611323,0.1964082427700061,0.6765668044077136,0.0,0.4688492823057217,0.4134574915824916,0.23464276537113304,0.05173923654478369,0.40526762956669504,0.11764973163949816,0.28084357084357087,0.2476635514018692,0.024810000504564465,0.05922435212757788,0.13467011884301103,0.19433394780246435,0.0,0.16088616573585499,0.0,0.23216467025396748,0.4090909090909091,0.1418784095996468
1,Warfaze-Tomake.wav,0.5909090909090909,0.5,0.1929031962031988,0.2263144963144963,0.0830126443100604,0.0857346140163642,0.0001732580037664,0.0614125688369466,0.0,0.8332281144781146,0.2727272727272727,1.0,0.4663439372982942,0.5038284839203675,0.3885708795733578,0.0,0.03871244339309641,0.039981817463140806,0.1055403932789825,0.0614125688369466,1.0640219082855994e-05,0.030941401450774012,0.041824134728958455,0.1374077683419184,0.5038284839203675,0.4198040576773349,0.25191424196018375,0.0,0.06916846909631402,0.07143649078236408,0.22724403122130396,0.8332281144781146,0.18857160104319196,0.4166140572390573,0.16073236644919311,0.0,0.022639812084561926,0.0071170570184007605,0.018786964784765756,0.0415063221550302,0.0,0.0,0.019402985987831217,0.023382167459008417,0.0001732580037664,0.04365678968618339,0.2727272727272727,0.0526099626008724,0.13636363636363635,0.0964515981015994
1,Nemesis - Gonojowar Official Audio.wav,0.6136363636363636,0.0,0.2124985893449972,0.2264291564291563,0.3512919186366136,0.0452982331317443,0.3239171374764594,0.0050541127598754,0.3079877112135176,0.8335437710437712,0.0909090909090909,1.0,0.905486399262333,0.1424196018376722,0.7547625478699709,0.27887868364377527,0.3180900544962237,0.041016934011408865,0.20502852154304427,0.0050541127598754,0.0016371137376620876,0.000719804726904153,0.05003085518101844,0.01294723653069747,0.1424196018376722,0.11871297198632569,0.0,0.25672123824005544,0.2928171905975645,0.03775806006625405,0.07577670645852465,0.8335437710437712,0.1887386129242189,0.0,0.17712687550411071,0.10819359398869587,0.03193562896696487,0.015912903227699074,0.07954273279726821,0.0,0.013951299144262259,0.06973739764062338,0.01025684071575212,0.004118021193794936,0.3239171374764594,0.048115876327773414,0.0909090909090909,0.019318053576817925,0.0,0.0
1,Arbovirus - School (Official Music Video).wav,0.6136363636363636,0.5,0.1050196995645881,0.422080262080262,0.4128642111050028,0.1058935135776117,0.0,0.0175850728733973,0.4393241167434715,0.8458017676767677,0.0909090909090909,1.0,0.777547256800369,0.4640122511485451,0.6576508442539737,0.3415952618201313,0.32102143477574335,0.0823372109952246,0.3281873499300885,0.0175850728733973,0.0,0.008159689250596295,0.1915740520135005,0.04218293192259501,0.4640122511485451,0.39246238224511576,0.23200612557427255,0.37158111452466286,0.3492012795630856,0.08956492096944778,0.07689106978879706,0.8458017676767677,0.356996231768959,0.42290088383838387,0.08882584753261169,0.18138120487869552,0.0375331101004548,0.04371964194435756,0.17426183442676021,0.2064321055525014,0.04652157432134707,0.18543003833326407,0.04469556196343813,0.009626683052510153,0.0,0.044326742315811726,0.0909090909090909,0.009547245414962553,0.04545454545454545,0.05250984978229405
1,Opekkha ViKiNGS featuring RUN OUT Studio Version Laser Vision.wav,0.6590909090909091,0.5,0.2174244105942361,0.8465601965601964,0.4304562946673997,0.0987786078501126,0.0002259887005649,0.0003740357848006,0.0837173579109063,0.6401515151515152,0.0909090909090909,0.0,0.7014753342554172,0.3966309341500765,0.4490504980650209,0.05872566162353339,0.3019544731841626,0.0692907569589425,0.5938410968493955,0.0,8.452786097186016e-08,0.00014835416273101896,0.17073228226471135,0.03605735765000695,0.0,0.2539038934521323,0.19831546707503825,0.05359179351114836,0.275557249237843,0.06323327547980694,0.058195592286501376,0.0,0.5419267924949743,0.3200757575757576,0.1391845658728254,0.03603666368567325,0.039132390424309056,0.04251987352756359,0.36440716542420776,0.21522814733369985,0.008269484067328935,0.07087178296855716,0.08362203767753389,0.008979873440919326,0.0,0.18406285176964135,0.0,0.019765855508566913,0.04545454545454545,0.10871220529711804
1,Taray Taray - James ? Shundori Toma Amar - James ? With lyrics.wav,0.6590909090909091,0.5,0.1967066941315512,0.0448157248157247,0.6316657504123145,0.1165658721688604,9.924670433145007e-05,0.0521532387038024,0.3678955453149001,0.700652356902357,0.0909090909090909,1.0,0.7568003688335638,0.4349157733537518,0.5302539621278096,0.27842348438654146,0.4780448728915695,0.0882170950507996,0.03391655707008395,0.0521532387038024,5.176037061563815e-06,0.022682266143767043,0.27472139834164977,0.0395377975776138,0.4349157733537518,0.30472476165431756,0.2174578866768759,0.25776688091876265,0.4425780968008842,0.08167215306949091,0.06369566880930518,0.700652356902357,0.03140024321842496,0.3503261784511785,0.1378230088617424,0.23238701570468404,0.05742415912839222,0.07363066911600913,0.02830855844599653,0.31583287520615727,0.04288406510666983,0.016487505519763537,0.00522398405002459,0.010596897469896399,9.924670433145007e-05,0.008815553073610528,0.0909090909090909,0.017882426739231926,0.04545454545454545,0.0983533470657756
1,Neela(????) By Miles Lyrical Video Song.wav,0.6818181818181819,0.5,0.1527351825418577,0.4028992628992628,0.6217702034084662,1.0,0.0,0.1121331216773922,0.3963133640552995,0.6136363636363636,0.8181818181818182,0.0,0.8420931304748733,0.450229709035222,0.5167389664277632,0.33373276138635527,0.5235884170242341,0.8420931304748733,0.3392787015608592,0.0,0.0,0.05048566274602344,0.2799394177673646,0.36836976193790893,0.0,0.2762773214534317,0.225114854517611,0.24319229157938832,0.3815408066370134,0.6136363636363636,0.5020661157024794,0.0,0.2472336385972749,0.3068181818181818,0.09372386201432177,0.2464158409821571,0.5087210755160179,0.6217702034084662,0.25051075664599576,0.3108851017042331,0.3963133640552995,0.15967436225500736,0.4028992628992628,0.8181818181818182,0.0,0.06153689246489882,0.0,0.12496514935242903,0.4090909090909091,0.07636759127092885
1,Indalo - ISD(Remastered).wav,0.6818181818181819,0.5,0.0805766137583197,0.11004914004914,0.0731170973062122,0.0904778845013636,1.0,0.8467066455735012,0.0130568356374808,0.4279776936026936,0.4545454545454546,1.0,0.2865375749193177,0.5313935681470139,0.12263169044447861,0.003741274019683872,0.02095079574726182,0.025925313608850847,0.03153321371163694,0.8467066455735012,0.8467066455735012,0.4499344655650918,0.03885395523010052,0.24154253097591544,0.5313935681470139,0.2274245936908648,0.26569678407350694,0.005588034401878488,0.03129248666803642,0.03872251633094449,0.19453531527395165,0.4279776936026936,0.047098577141190756,0.2139888468013468,0.03448499331460074,0.0009546779218169029,0.03323504423009646,0.006615480285146431,0.008046473681437943,0.0365585486531061,0.001181354866761276,0.0014368935336677268,0.009957013382840477,0.04112631113698346,1.0,0.008867387052174786,0.4545454545454546,0.03662573352650896,0.2272727272727273,0.04028830687915985
1,Oniket Prantor ?????? ???????? Artcell Bangla New Band Song Official Lyrical Video.wav,0.6818181818181819,0.5,1.0,0.5355855855855854,0.4832325453545905,0.0802798529586149,0.0071751412429378,0.0420708570032676,0.5337941628264208,0.8113952020202021,0.9090909090909092,1.0,0.9504379898570772,0.4655436447166921,0.771180824787758,0.5073382511141847,0.4592825690403359,0.07630102207200767,0.5090408873603894,0.0420708570032676,0.0003018643412098839,0.019585820105655967,0.22496584041010026,0.4232214951969928,0.4655436447166921,0.37773987965412154,0.23277182235834604,0.4331180225837483,0.3920925687607244,0.06513868750950745,0.7376320018365474,0.8113952020202021,0.43457157441532435,0.40569760101010105,0.8113952020202021,0.25794671199803404,0.43930231395871866,0.03879383768588373,0.25881238577775134,0.24161627267729524,0.042852916901872,0.2858924592795559,0.04299673205756445,0.07298168450783173,0.0071751412429378,0.5355855855855854,0.9090909090909092,0.9090909090909092,0.4545454545454546,0.5
1,Meghdol Esho Amar Shohore Aluminium Er Dana Official Video.wav,0.7045454545454546,0.5,0.1784394869308239,0.4534234234234234,0.0764156129741616,0.0770781453812403,0.1404896421845574,0.8024676238262566,0.0837173579109063,0.2464751683501683,0.7272727272727273,0.0,0.0640848317196864,0.6983154670750382,0.015795319686801913,0.005365012793737188,0.004897081698205832,0.004939539976022309,0.029057563787854204,0.0,0.11273838933604279,0.5603755535448285,0.053362204465877014,0.5078657942363914,0.0,0.17211742230884647,0.3491577335375191,0.020634249884921924,0.018834551072387788,0.018997848858959953,0.1792546678910315,0.0,0.11175761462219792,0.12323758417508415,0.04398090258159248,0.006397313221339182,0.05557499125393572,0.005889973726219021,0.03464862883774372,0.0382078064870808,0.006452778683990164,0.03795941102392715,0.03494903654989031,0.056056833004538405,0.0,0.08090864303809339,0.0,0.12977417231332647,0.36363636363636365,0.08921974346541195
1,Arbovirus - Hariye Jao (lyrics) ? ??????????? - ?????? ??? (???????) ? Arvovirus songs.wav,0.7045454545454546,0.5,0.2187922808958248,0.8784930384930384,0.2699285321605278,0.1509545831851061,9.378531073446328e-06,0.1378534831583484,0.1589861751152073,0.7405303030303031,0.0909090909090909,1.0,0.7648686030428771,0.2511485451761102,0.5664083783897064,0.12160353366349883,0.20645985931503721,0.11546042116371188,0.6719317431350627,0.1378534831583484,1.2928631753833805e-06,0.034621701742678604,0.06779215815363943,0.022831685925100924,0.2511485451761102,0.18598310826488465,0.1255742725880551,0.11773408043569329,0.19989025771736058,0.11178644322987971,0.06732093663911845,0.7405303030303031,0.6505507160052615,0.37026515151515155,0.16202231407247633,0.04291490488266454,0.024538957469138888,0.04074694906205998,0.2371303363936679,0.1349642660802639,0.023999691796710406,0.13966824805534475,0.13261255045673398,0.013723143925918734,9.378531073446328e-06,0.1922074956429955,0.0909090909090909,0.019890207354165888,0.04545454545454545,0.1093961404479124
1,Shironamhin - Hashimukh [Official Audio].wav,0.7272727272727273,0.0,0.0983713290416351,0.6017526617526617,0.6096756459593183,0.1106367840626111,0.0,0.70061499236167,0.0622119815668202,0.7625736531986533,0.1818181818181818,0.0,0.7222222222222223,0.4241960183767227,0.5507476384212497,0.04493087557603682,0.44032129985950774,0.07990434404521914,0.43459914459914467,0.0,0.0,0.29719809017485843,0.2586219815171993,0.07712654879576776,0.0,0.32348070740586055,0.0,0.04744121805613736,0.46492258460544617,0.0843686966007759,0.13864975512702787,0.0,0.4588807255947408,0.0,0.07501538375728646,0.037929130048160314,0.11085011744714877,0.06745255279023404,0.36687394276179325,0.0,0.006882933570715429,0.037436225500741584,0.0665759792974307,0.020115778920474742,0.0,0.05919520909095084,0.0,0.0178856961893882,0.0,0.0
1,Dukkho Bilash ???? ????? Artcell Anushilon Bangla New Song Official Lyrical Video.wav,0.7272727272727273,0.5,0.3183342985727272,0.5185257985257984,0.3128092358438703,0.0526503023834934,0.0001939736346516,0.041247805435877,0.0660522273425499,0.4948968855218856,0.1818181818181818,0.0,0.3407100046104196,0.1638591117917304,0.16861632014784395,0.02250465468240866,0.1065772361865469,0.017938484767820024,0.17666692720634627,0.0,8.000986741799085e-06,0.006758828762080915,0.05125664354562651,0.029792565780314615,0.0,0.08109336409010985,0.0819295558958652,0.032689041593611474,0.1548083165816124,0.026056470671376394,0.0899812519130701,0.0,0.25661680275316634,0.2474484427609428,0.15754265291843672,0.02066174676080863,0.05687440651706732,0.016469500855529274,0.16219965880218765,0.15640461792193516,0.003477669742688503,0.03424978392720326,0.02730054008602566,0.009572782251544253,0.0,0.1650645463655733,0.0,0.05787896337685949,0.0909090909090909,0.1591671492863636
1,Warfaze-Boshe Achi.wav,0.7272727272727273,0.5,0.2794634674458029,0.5274529074529074,0.508521165475536,0.3572868492825803,0.0011544256120527,0.000513954551257,0.1989247311827957,0.7887731481481483,0.6363636363636364,1.0,0.9077916090364224,0.3598774885145482,0.7160416453221319,0.1805822017975679,0.4616312470361137,0.3243420037977873,0.478817323547614,0.000513954551257,5.933222974021329e-07,0.00018496067311699077,0.1830053198878269,0.22901294723653068,0.3598774885145482,0.28386169956326923,0.1799387442572741,0.15690648645957786,0.401107840592104,0.28181827290055383,0.5019465488215489,0.7887731481481483,0.4160406903115237,0.3943865740740741,0.2204332790096235,0.10115743614298298,0.32360437802988656,0.18168792500625994,0.26822096723141253,0.254260582737768,0.07107319044868533,0.10492342782665362,0.18845198744878572,0.2273643586343693,0.0011544256120527,0.14740381843115968,0.6363636363636364,0.17784038837460187,0.3181818181818182,0.13973173372290146
1,Eka beche thakte shekho priyo (Original song) ??? ????? ????? ???? ????? ? Aseer Arman ? ???? ?????.wav,0.7272727272727273,0.5,0.27206977502688,0.0,0.3633864760857614,0.0928495197438633,0.0,0.9032914408316048,0.0660522273425499,0.5324074074074076,0.2727272727272727,1.0,0.1516828031350853,0.217457886676876,0.08075704796543896,0.010018986996633896,0.055119479314068937,0.014083675424495633,0.0,0.9032914408316048,0.0,0.19642784777655115,0.07902125513656681,0.05930669636642072,0.217457886676876,0.11577618966592938,0.108728943338438,0.03516669511293167,0.19346965161973415,0.04943377208585316,0.14520202020202022,0.5324074074074076,0.0,0.2662037037037038,0.14485196355597782,0.024002486131624784,0.09910540256884401,0.03374025978597781,0.0,0.1816932380428807,0.006132917586768234,0.0,0.0,0.025322596293780898,0.0,0.0,0.2727272727272727,0.07420084773460363,0.13636363636363635,0.13603488751344
1,Shey Amare - Ashes ( official Audio ).wav,0.75,0.5,0.2327016492572204,0.535986895986896,0.2105552501374381,0.3074825091900865,0.0001355932203389,0.9012338119131283,0.0253456221198156,0.6607744107744109,1.0,1.0,0.3568464730290457,0.6967840735068913,0.2357950179526944,0.009044495860183162,0.07513589838929327,0.10972404892260351,0.1912650334227098,0.9012338119131283,0.00012220119483560357,0.6279653666469731,0.14671154488902655,0.6967840735068913,0.6967840735068913,0.4604170856085099,0.34839203675344566,0.016747738521932027,0.13912952134502435,0.2031765738335168,0.6607744107744109,0.6607744107744109,0.35416642537854665,0.33038720538720545,0.15376329517417345,0.005336653805326758,0.2105552501374381,0.06474205663540578,0.11285485495490989,0.10527762506871904,0.00779333548638466,0.013584921326856774,0.16480659567105668,0.3074825091900865,0.0001355932203389,0.12472503467640894,1.0,0.2327016492572204,0.5,0.1163508246286102
1,Jon Kabir - Moho Vertical Lyric Video.wav,0.75,0.5,0.0073639291485348,0.1596396396396395,0.1050027487630566,0.0341515474919957,0.0327683615819209,0.0834291982646451,0.0145929339477726,0.699915824915825,0.8181818181818182,1.0,0.5931304748732136,0.4839203675344563,0.4151414056036003,0.008655513842235802,0.0622803302368245,0.020256323581582514,0.09468713526804808,0.0834291982646451,0.0027338381352256585,0.040373088287332076,0.050812968773546525,0.39593484616455515,0.4839203675344563,0.3387035232364482,0.24196018376722814,0.010213825401997407,0.07349308551892389,0.023903208535012144,0.5726584022038569,0.699915824915825,0.11173431006764332,0.3499579124579125,0.005154130544618424,0.001532298177033846,0.08591133989704632,0.00358600636117162,0.01676260097370596,0.0525013743815283,0.0004983712767649123,0.00232961071670748,0.005451940734758228,0.027942175220723755,0.0327683615819209,0.0011755749956039328,0.8181818181818182,0.006025032939710291,0.4090909090909091,0.0036819645742674
1,Nemesis - Kobe Official Music Video.wav,0.75,0.0,0.0983118025008588,0.5367076167076167,0.6074766355140188,0.0311870034388711,9.981167608286252e-05,0.0133669335905204,0.1436251920122887,0.8668455387205388,0.9090909090909092,1.0,0.7568003688335638,0.4869831546707503,0.6560290234254331,0.10869559828869152,0.4597385418147818,0.023602335705351273,0.4061805222801073,0.0133669335905204,1.3341760457581564e-06,0.006509471488186044,0.29583088835139043,0.44271195879159125,0.4869831546707503,0.42213917505839404,0.0,0.12450085694373324,0.52658841137229,0.027034314797047515,0.7880413988368535,0.8668455387205388,0.46524260314033045,0.0,0.08522114740144417,0.08724894841868007,0.5522514868309262,0.01894537592080955,0.32603733725229056,0.0,0.00447923935719577,0.0770847345040893,0.016738302287928754,0.02835182130806464,9.981167608286252e-05,0.052764693214465835,0.9090909090909092,0.08937436590987165,0.0,0.0
1,Warfaze-Obak Bhalobasha.wav,0.75,0.0,0.3313284463696871,0.4295331695331695,0.508521165475536,0.0738764378038657,0.0002862523540489,0.1357958542398719,0.0145929339477726,0.690814393939394,0.0,0.0,0.4686491470723836,0.7136294027565084,0.3237495765050226,0.006838966047907261,0.2383180104683644,0.034622129565527654,0.2013003535410174,0.0,3.887188294624462e-05,0.09690791435800965,0.3628956556073504,0.0,0.0,0.4929854633625691,0.0,0.010081008820928139,0.35129374073333675,0.05103490660787882,0.0,0.0,0.2967276961879235,0.0,0.22888645987375641,0.007420815778828838,0.0,0.037567732253202736,0.21842670798140837,0.0,0.0010780739771685428,0.006268149171374953,0.0317323804837145,0.0,0.0,0.14231655772567248,0.0,0.0,0.0,0.0
1,Sei tumi keno eto ochena hole Ayub Bachchu LRB ??? ???? ??? ??? ????? ???.wav,0.7727272727272727,0.5,0.2513036932498143,0.5935872235872234,0.5579989004947774,0.1023360607138622,0.0,0.7571997876197736,0.097542242703533,0.7935079966329968,1.0,1.0,0.7464269248501614,0.2909647779479326,0.5922957337707799,0.07280815626418623,0.4165054033660879,0.07638639109992756,0.44306948593255635,0.7571997876197736,0.0,0.2203184680670091,0.16235802617765344,0.2909647779479326,0.2909647779479326,0.23088287804022872,0.1454823889739663,0.07740054959477001,0.4427765896550257,0.08120448252036952,0.7935079966329968,0.7935079966329968,0.47101620861564036,0.3967539983164984,0.19941149017713328,0.054428464180366135,0.5579989004947774,0.057103409359301895,0.33122101810941823,0.2789994502473887,0.009982088871475035,0.05789982902886125,0.06074537815199499,0.1023360607138622,0.0,0.1491706615533725,1.0,0.2513036932498143,0.5,0.12565184662490714
1,Shunno - Rajahin Rajjo [Official Music Video HD].wav,0.7727272727272727,0.5,0.0442753449749058,0.5942178542178541,0.4678394722374931,0.4011621012688248,3.389830508474576e-06,0.2788010640739884,0.1428571428571428,0.8959911616161618,0.1818181818181818,1.0,0.8259566620562473,0.4716692189892802,0.7400498690803846,0.11799380886517813,0.3864151288674362,0.3313425101074688,0.49079819540400454,0.2788010640739884,9.45088352793181e-07,0.13150188014515837,0.22066547848261542,0.08575803981623276,0.4716692189892802,0.422611451420793,0.2358346094946401,0.12799873737373735,0.4191800321799635,0.35943769711223467,0.1629074839302112,0.8959911616161618,0.5324139454537182,0.4479955808080809,0.03967031777502214,0.06683421031964185,0.08506172222499873,0.18767946573929076,0.2779985673113765,0.23391973611874656,0.057308871609832085,0.08488826488826484,0.23837768300948656,0.07293856386705905,3.389830508474576e-06,0.026309200485743776,0.1818181818181818,0.008050062722710145,0.0909090909090909,0.0221376724874529
1,Sritir Chera Pata - Shunno.wav,0.7727272727272727,0.5,0.0826947665009431,0.503095823095823,0.3062122045079715,0.1651843946401043,0.0,0.7860065924784446,0.0514592933947772,0.7037563131313131,0.3636363636363636,1.0,0.3245735361917934,0.7381316998468608,0.22842067517032935,0.016702324827073834,0.09938837804223692,0.053614483092039374,0.1632915903455322,0.7860065924784446,0.0,0.5801763821969531,0.22602493502732357,0.26841152721704026,0.7381316998468608,0.5194648436895758,0.3690658499234304,0.036214802595850935,0.21549877208034168,0.11624956055874763,0.2559113865932047,0.7037563131313131,0.3540568616136798,0.3518781565656566,0.05819696398795853,0.015757463672837223,0.11134989254835326,0.05058147763306108,0.1540540810689244,0.15310610225398574,0.008500272228023789,0.025888955566374883,0.08310357898404852,0.06006705259640155,0.0,0.04160339161850886,0.3636363636363636,0.030070824182161122,0.1818181818181818,0.04134738325047155
1,Bhalobasha Baki ???????? ???? Popeye Bangladesh.wav,0.7954545454545455,0.5,0.1694484990010702,0.6010237510237509,0.3534909290819131,0.3051108739475868,0.0,0.7314794261388174,0.0529953917050691,0.550189393939394,0.5454545454545454,1.0,0.15283540802213,0.7136294027565084,0.0840884205121757,0.00809957231453684,0.054025930378356006,0.0466317449117681,0.09185771021870605,0.7314794261388174,0.0,0.5220052260041178,0.25226152060056894,0.38925240150355,0.7136294027565084,0.3926313285999351,0.3568147013782542,0.02915750244379276,0.19448696003465107,0.16786876682154162,0.300103305785124,0.550189393939394,0.3306768933189388,0.275094696969697,0.09322876696933884,0.018733390250884788,0.19281323404467984,0.10785392630472693,0.21245644414968215,0.17674546454095655,0.016169470278328327,0.031851489109553606,0.18337888193811347,0.16642411306232005,0.0,0.10184257247496753,0.5454545454545454,0.09242645400058375,0.2727272727272727,0.0847242495005351
1,Popeye (Bangladesh) - Bishonno Shundor (?????? ??????) Official Lyrics Video.wav,0.7954545454545455,0.0,0.223089353058114,0.3474037674037673,0.1544804837822979,0.0892920668801138,0.0,0.3981435413456252,0.0130568356374808,0.7263257575757576,1.0,1.0,0.3822037805440295,0.6539050535987747,0.2776044504519608,0.004990371942587175,0.05904302492186489,0.03412776553416982,0.13277903327695856,0.3981435413456252,0.0,0.260348073743617,0.10101556902762815,0.6539050535987747,0.6539050535987747,0.4749480834377464,0.0,0.009483516035935391,0.11220315441384705,0.06485512812220387,0.7263257575757576,0.7263257575757576,0.25232830454421357,0.0,0.1620355433670203,0.002017026285943982,0.1544804837822979,0.013793881689561279,0.05366710205632687,0.0,0.001165871840984589,0.0045359938908326,0.031020400433420692,0.0892920668801138,0.0,0.07750208172005797,1.0,0.223089353058114,0.0,0.0
1,Encore - Srotoshinni Official Audio.wav,0.8181818181818182,0.5,0.1097098949232542,0.4720065520065518,0.2413413963716328,0.2932526977350884,0.0,0.0299308463842562,0.0714285714285714,0.785669191919192,0.6363636363636364,1.0,0.6184877823881973,0.4456355283307809,0.4859267962008281,0.04417769874201408,0.1492667050403621,0.18137321070153115,0.29193028562323153,0.0299308463842562,0.0,0.013338248541835455,0.10755030068016098,0.283586245301406,0.4456355283307809,0.35012210543412686,0.22281776416539045,0.05611922799422798,0.18961449986395015,0.23039961005764997,0.49997130394857675,0.785669191919192,0.3708410062955516,0.392834595959596,0.0861956844898926,0.017238671169402336,0.15358088860012994,0.07077401556113459,0.11391472035782092,0.1206706981858164,0.020946621266792018,0.03371475371475369,0.1384171947245586,0.18661535310414715,0.0,0.05178378922372631,0.6363636363636364,0.06981538767843448,0.3181818181818182,0.0548549474616271
1,Warfaze-Rupkotha.wav,0.8181818181818182,0.5,0.2764995417696496,0.8803439803439802,0.2930181418361738,0.2541207162338432,0.0001305084745762,0.0402189909766387,0.032258064516129,0.6962857744107745,0.0,0.0,0.5723835869064084,0.4196018376722817,0.3985425490691455,0.018463986674400253,0.1677187750528399,0.14545452706515274,0.5038944451807521,0.0,5.248919161355069e-06,0.016875962523122512,0.12295095078577582,0.0,0.0,0.2921627904878288,0.20980091883614085,0.022460831432605605,0.20402436380480646,0.1769406396967022,0.0,0.0,0.612970990101672,0.3481428872053873,0.19252269756530477,0.009452198123747532,0.0,0.07446198007291834,0.2579567572970542,0.1465090709180869,0.008197442459156223,0.02839819291432191,0.22371364281716463,0.0,0.0,0.24341470716477992,0.0,0.0,0.0,0.1382497708848248
1,Arnob-She je boshe ache.wav,0.8409090909090909,0.5,0.0439479490006361,0.4705077805077805,0.263331500824629,0.0916637021226135,0.000412429378531,0.4567859655222053,0.075268817204301,0.0,0.3636363636363636,1.0,0.1839557399723375,0.7473200612557427,0.0,0.013846130965659797,0.04844134109222083,0.01686206415256929,0.08655260692605092,0.4567859655222053,0.00018839195188200594,0.34136531573481804,0.19679291332682838,0.27175274954754275,0.7473200612557427,0.0,0.37366003062787134,0.0,0.0,0.0,0.0,0.0,0.0,0.0,0.0,0.019820650599703234,0.09575690939077416,0.02413794025108954,0.12389951999077896,0.1316657504123145,0.006899418439336493,0.03541456412424151,0.04312848503883721,0.033332255317314,0.000412429378531,0.020677851942158425,0.3636363636363636,0.01598107236386767,0.1818181818181818,0.02197397450031805
1,SHUNNO - BEDONA.wav,0.8409090909090909,0.5,0.0931763982226367,0.3881981981981982,0.8361737218251787,0.039843472073995,1.0320150659133707e-05,0.0453630632728299,0.1006144393241167,0.8062394781144782,1.0,1.0,0.7349008759797142,0.672281776416539,0.5925060987157577,0.07394163959550117,0.6145048006405417,0.02928100252925221,0.28528719590960255,0.0453630632728299,4.6815364733541956e-07,0.03049676076075394,0.56214435510146,0.672281776416539,0.672281776416539,0.5420201085639447,0.3361408882082695,0.08111933305145669,0.6741562650973729,0.03212338013120652,0.8062394781144782,0.8062394781144782,0.31298071272029604,0.4031197390572391,0.0751224906756054,0.08413115019900028,0.8361737218251787,0.03331606433454997,0.32460113219321574,0.41808686091258934,0.004008828603451108,0.03905834405834404,0.015467164069085087,0.039843472073995,1.0320150659133707e-05,0.03617090990462536,1.0,0.0931763982226367,0.5,0.04658819911131835
1,??????? ??? Firiye Dao - Miles Bangla Lyrics by Tahsin Rt 2022.wav,0.8409090909090909,0.5,0.1470975230758356,0.4486404586404585,0.846069268829027,0.0085378868729989,1.0809792843691147e-05,0.0832234353727975,0.1881720430107526,0.6719802188552189,0.4545454545454546,0.0,0.9124020285846012,0.7289433384379786,0.613116114852226,0.1716885537659195,0.7719553172026945,0.0077899853027500335,0.4093404645686802,0.0,8.996280961202591e-07,0.060665168816924374,0.6167365573700105,0.33133788110817214,0.0,0.48983550409660676,0.3644716692189893,0.1264478906447992,0.5685418124344046,0.005737291089478901,0.3054455540250995,0.0,0.3014775135845211,0.33599010942760943,0.09884662574956062,0.15920658284417166,0.3845769403768305,0.007223643703983127,0.37958090480905204,0.4230346344145135,0.0016065916158868891,0.08442159167965613,0.0038304414825225765,0.003880857669544955,0.0,0.0659939002176183,0.0,0.06686251048901619,0.2272727272727273,0.0735487615379178
1,Anmone 2 - Aushomapto 2 - Aurthohin.wav,0.8636363636363636,0.5,0.1627666447989305,0.1327764127764126,0.3479934029686641,0.0892920668801138,2.1845574387947267e-06,0.0037680946858276,0.4577572964669738,0.8168139730639732,0.2727272727272727,1.0,0.9273858921161826,0.1791730474732005,0.7575017551028963,0.4245176587567164,0.3227241724626408,0.08280820310251218,0.12313497201463991,0.0037680946858276,8.231619276007562e-09,0.0006751410080273031,0.06235103851046505,0.048865376583600136,0.1791730474732005,0.1463510487725648,0.08958652373660025,0.3739025560262119,0.28424587407888674,0.07293500791143977,0.2227674471992654,0.8168139730639732,0.10845362924908368,0.4084069865319866,0.13295006982050692,0.15929651933127784,0.09490729171872657,0.031073050211716347,0.04620531571603583,0.17399670148433205,0.04087409513098911,0.06077937174711359,0.011855880329733032,0.02435238187639467,2.1845574387947267e-06,0.021611571216054528,0.2727272727272727,0.04439090312698104,0.13636363636363635,0.08138332239946525
1,Blue Jeans - Kodom Artwork Video.wav,0.931818181818182,0.5,0.0897697438994596,0.2660442260442259,0.4282572842221001,0.3134115972963358,0.0,0.1748908036909254,0.0691244239631336,0.8567445286195288,0.6363636363636364,1.0,0.8467035500230522,0.5191424196018377,0.7254086338449814,0.058527895162883765,0.3626069628740834,0.2653667120492027,0.22526059065478143,0.1748908036909254,0.0,0.09079323499421703,0.22232652274317294,0.3303633579284422,0.5191424196018377,0.4447724275681781,0.25957120980091886,0.05922197202439136,0.3669070850987427,0.2685136711895428,0.5452010636669729,0.8567445286195288,0.22793193503420767,0.4283722643097644,0.07690973692143833,0.029603038079868655,0.27252736268679095,0.13422079950183924,0.11393537772867068,0.21412864211105004,0.021664396126474812,0.01839015387402482,0.08338134583598825,0.19944374373403184,0.0,0.0238827220379201,0.6363636363636364,0.05712620066329247,0.3181818181818182,0.0448848719497298
1,???? ?????? Amar Dehokhan Odd Signature Lyrics Video.wav,0.9545454545454546,0.5,0.3168461350533197,0.4710319410319409,0.131390874106652,0.2304043638088461,0.0001497175141242,0.3888842112124809,0.0268817204301075,0.665088383838384,0.9090909090909092,1.0,0.4801751959428308,0.5620214395099539,0.3193589450288967,0.012907935374807267,0.06309063871926145,0.11063446053799596,0.22617785458034415,0.3888842112124809,5.822277738488299e-05,0.21856126418833147,0.07384448820389168,0.5109285813726854,0.5620214395099539,0.3737939308861973,0.28101071975497693,0.017878719995655466,0.08738654411070576,0.1532392659549365,0.6046258034894401,0.665088383838384,0.31327787239719057,0.332544191919192,0.21073068388805075,0.00353201274480247,0.11944624918786548,0.030273030758831348,0.06188929846433968,0.065695437053326,0.00619366569378618,0.012662148952471516,0.10852781470711026,0.20945851255349648,0.0001497175141242,0.14924465000263368,0.9090909090909092,0.2880419409575634,0.4545454545454546,0.15842306752665986
1,Ghum - Odd Signature [Official].wav,0.9545454545454546,0.0,0.0683414293562576,0.5932923832923832,0.7306212204507971,0.3549152140400806,0.0,0.7355946839757704,0.0560675883256528,0.2099642255892256,0.5454545454545454,1.0,0.1828031350852927,0.6584992343032159,0.038382118693466076,0.010249330922600887,0.1335598496582485,0.06487961381599443,0.10845570768807278,0.7355946839757704,0.0,0.4843885361555609,0.481113514232531,0.3591814005290268,0.6584992343032159,0.13826128178157274,0.0,0.011772187763451195,0.1534043187510065,0.07451949806575976,0.11452594123048668,0.2099642255892256,0.12457017580597124,0.0,0.014349255290447395,0.040964169810221315,0.39852066570043476,0.2593085868385196,0.43347200516524315,0.0,0.019899240111310185,0.03326447310318275,0.21056849320456572,0.19359011674913484,0.0,0.040546449500382116,0.5454545454545454,0.037277143285231414,0.0,0.0
1,Shironamhin Ei Obelay Official Music Video.wav,0.9772727272727272,0.0,0.2578974977770557,0.6175184275184274,0.2303463441451347,0.1829716589588521,0.0070621468926553,0.6069928765709894,0.0898617511520737,0.6422558922558923,0.1818181818181818,0.0,0.4571230982019363,0.460949464012251,0.29359000330646245,0.04107788209648735,0.10529663449511342,0.08364057162641854,0.2822819367840114,0.0,0.004286672857139715,0.27979304111465203,0.10617802387088135,0.0838089934567729,0.0,0.2960475092940636,0.0,0.057714239165852055,0.1479412967868163,0.11751462608215837,0.11677379859198041,0.0,0.39660484865030315,0.0,0.16563618754536488,0.020699325856360022,0.041881153480933575,0.04214685272334196,0.1422431122211221,0.0,0.016442153685242464,0.05549128726548079,0.11298837112070834,0.03326757435615492,0.0,0.15925645728822455,0.0,0.046890454141282845,0.0,0.0
1,E Hawa Meghdol X Hawa Film Aluminium Er Dana.wav,0.9772727272727272,0.0,0.2228748094840661,0.4432514332514331,0.1456844420010995,0.0964069726076129,0.0241054613935969,0.8384761298995952,0.0721966205837173,0.335753367003367,0.7272727272727273,1.0,0.1147994467496542,0.114854517611026,0.03854430077632013,0.008288132100205443,0.01672449334175831,0.011067467118163027,0.0508850193082558,0.8384761298995952,0.02021185397874723,0.09630277142797798,0.016732516309467777,0.08353055826256436,0.114854517611026,0.03856279100344949,0.0,0.024240258447247674,0.04891404192187589,0.0323689656556074,0.24418426691153963,0.335753367003367,0.14882316114323685,0.0,0.07483096770450914,0.01051792438410395,0.1059523214553451,0.01404499600935537,0.06457483771942264,0.0,0.006960257622976656,0.03200125554964261,0.04273252878375607,0.07011416189644575,0.0241054613935969,0.0987895787394524,0.7272727272727273,0.16209077053386625,0.0,0.0
1,Warfaze - Purnota.wav,1.0,0.5,0.2294475316947826,0.3885012285012283,0.3743815283122595,0.1960156527926005,0.0,0.5905318452231775,0.0599078341013824,0.7294823232323233,0.2727272727272727,1.0,0.7026279391424619,0.581929555895865,0.5125546614135826,0.04209291801314282,0.26305092169104816,0.13772607416132926,0.27297181753613275,0.5905318452231775,0.0,0.3436479344330894,0.2178636765063684,0.15870806069887228,0.581929555895865,0.4245073243924698,0.2909647779479325,0.04370170600009304,0.2731047070484949,0.14298995378904666,0.19894972451790635,0.7294823232323233,0.28340477874568776,0.36474116161616166,0.16737791848063216,0.022428386488752842,0.10210405317607077,0.07338463966561899,0.1454476836774802,0.18719076415612976,0.011742873208773284,0.023274267145234843,0.07615232191539552,0.05345881439798195,0.0,0.08914064793999756,0.2727272727272727,0.06257659955312252,0.13636363636363635,0.1147237658473913
